[{"model": "admin.logentry", "pk": 1, "fields": {"action_time": "2022-09-26T07:39:29.164Z", "user": 1, "content_type": 18, "object_id": "1", "object_repr": "samueljamesforrest", "action_flag": 1, "change_message": "[{\"added\": {}}]"}}, {"model": "admin.logentry", "pk": 2, "fields": {"action_time": "2022-09-26T07:45:04.746Z", "user": 1, "content_type": 15, "object_id": "1", "object_repr": "Test Blog", "action_flag": 1, "change_message": "[{\"added\": {}}]"}}, {"model": "admin.logentry", "pk": 3, "fields": {"action_time": "2022-09-26T07:46:37.834Z", "user": 1, "content_type": 4, "object_id": "1", "object_repr": "samforrest@live.co.uk", "action_flag": 2, "change_message": "[{\"changed\": {\"fields\": [\"Username\", \"First name\", \"Last name\", \"Email address\"]}}]"}}, {"model": "admin.logentry", "pk": 4, "fields": {"action_time": "2022-09-26T07:47:19.912Z", "user": 1, "content_type": 4, "object_id": "1", "object_repr": "samueljamesforrest", "action_flag": 2, "change_message": "[{\"changed\": {\"fields\": [\"Username\"]}}]"}}, {"model": "admin.logentry", "pk": 5, "fields": {"action_time": "2022-09-26T07:50:51.542Z", "user": 1, "content_type": 15, "object_id": "2", "object_repr": "Another one", "action_flag": 1, "change_message": "[{\"added\": {}}]"}}, {"model": "admin.logentry", "pk": 6, "fields": {"action_time": "2022-09-26T19:39:32.223Z", "user": 1, "content_type": 12, "object_id": "1", "object_repr": "Unshift", "action_flag": 1, "change_message": "[{\"added\": {}}]"}}, {"model": "admin.logentry", "pk": 7, "fields": {"action_time": "2022-09-26T20:58:34.335Z", "user": 1, "content_type": 12, "object_id": "2", "object_repr": "Days Gone", "action_flag": 1, "change_message": "[{\"added\": {}}]"}}, {"model": "admin.logentry", "pk": 8, "fields": {"action_time": "2022-09-26T21:07:42.223Z", "user": 1, "content_type": 12, "object_id": "1", "object_repr": "Unshift", "action_flag": 2, "change_message": "[{\"changed\": {\"fields\": [\"Digital download price\"]}}]"}}, {"model": "admin.logentry", "pk": 9, "fields": {"action_time": "2022-09-27T05:52:39.869Z", "user": 1, "content_type": 15, "object_id": "2", "object_repr": "Another one", "action_flag": 2, "change_message": "[{\"changed\": {\"fields\": [\"Author\"]}}]"}}, {"model": "admin.logentry", "pk": 10, "fields": {"action_time": "2022-09-27T05:57:58.731Z", "user": 1, "content_type": 12, "object_id": "3", "object_repr": "re:wind", "action_flag": 1, "change_message": "[{\"added\": {}}]"}}, {"model": "admin.logentry", "pk": 11, "fields": {"action_time": "2022-09-27T06:06:52.436Z", "user": 1, "content_type": 13, "object_id": "4", "object_repr": "'Peace Sign' tee", "action_flag": 1, "change_message": "[{\"added\": {}}]"}}, {"model": "admin.logentry", "pk": 12, "fields": {"action_time": "2022-09-27T06:12:29.419Z", "user": 1, "content_type": 13, "object_id": "5", "object_repr": "Lyrics Tee", "action_flag": 1, "change_message": "[{\"added\": {}}]"}}, {"model": "admin.logentry", "pk": 13, "fields": {"action_time": "2022-09-27T06:17:18.506Z", "user": 1, "content_type": 13, "object_id": "6", "object_repr": "Midnight Mare", "action_flag": 1, "change_message": "[{\"added\": {}}]"}}, {"model": "admin.logentry", "pk": 14, "fields": {"action_time": "2022-09-27T06:22:10.097Z", "user": 1, "content_type": 13, "object_id": "6", "object_repr": "Midnight Mare", "action_flag": 2, "change_message": "[{\"changed\": {\"fields\": [\"Description\"]}}]"}}, {"model": "admin.logentry", "pk": 15, "fields": {"action_time": "2022-09-27T06:23:38.089Z", "user": 1, "content_type": 13, "object_id": "4", "object_repr": "Peace Sign tee", "action_flag": 2, "change_message": "[{\"changed\": {\"fields\": [\"Name\"]}}]"}}, {"model": "admin.logentry", "pk": 16, "fields": {"action_time": "2022-09-27T06:35:59.360Z", "user": 1, "content_type": 12, "object_id": "7", "object_repr": "Untitled", "action_flag": 1, "change_message": "[{\"added\": {}}]"}}, {"model": "admin.logentry", "pk": 17, "fields": {"action_time": "2022-09-27T07:00:39.882Z", "user": 1, "content_type": 10, "object_id": "1", "object_repr": "Algorhythm Bundle", "action_flag": 1, "change_message": "[{\"added\": {}}]"}}, {"model": "admin.logentry", "pk": 18, "fields": {"action_time": "2022-09-28T19:32:55.786Z", "user": 1, "content_type": 16, "object_id": "1", "object_repr": "Blog page", "action_flag": 2, "change_message": "[]"}}, {"model": "admin.logentry", "pk": 19, "fields": {"action_time": "2022-09-28T19:38:42.321Z", "user": 1, "content_type": 16, "object_id": "1", "object_repr": "Blog page", "action_flag": 2, "change_message": "[{\"changed\": {\"fields\": [\"Featured blog\"]}}]"}}, {"model": "admin.logentry", "pk": 20, "fields": {"action_time": "2022-09-30T06:45:25.424Z", "user": 1, "content_type": 15, "object_id": "5", "object_repr": "Algorhythm Sign to Tonedef Records.", "action_flag": 3, "change_message": ""}}, {"model": "admin.logentry", "pk": 21, "fields": {"action_time": "2022-09-30T06:45:25.426Z", "user": 1, "content_type": 15, "object_id": "4", "object_repr": "Four Oh Four and Event Handlers Joint EP in the Works.", "action_flag": 3, "change_message": ""}}, {"model": "admin.logentry", "pk": 22, "fields": {"action_time": "2022-09-30T06:45:25.428Z", "user": 1, "content_type": 15, "object_id": "3", "object_repr": "Forrest Records Charity Event: Dec 2nd 2022.", "action_flag": 3, "change_message": ""}}, {"model": "admin.logentry", "pk": 23, "fields": {"action_time": "2022-09-30T06:45:25.430Z", "user": 1, "content_type": 15, "object_id": "2", "object_repr": "Rage Against the Compiler Announce 2023 Tour", "action_flag": 3, "change_message": ""}}, {"model": "admin.logentry", "pk": 24, "fields": {"action_time": "2022-09-30T06:45:25.431Z", "user": 1, "content_type": 15, "object_id": "1", "object_repr": "Welcome to Forrest Records!", "action_flag": 3, "change_message": ""}}, {"model": "admin.logentry", "pk": 25, "fields": {"action_time": "2022-09-30T07:22:09.135Z", "user": 1, "content_type": 15, "object_id": "1", "object_repr": "Welcome to Forrest Records!", "action_flag": 2, "change_message": "[{\"changed\": {\"fields\": [\"Content\"]}}]"}}, {"model": "admin.logentry", "pk": 26, "fields": {"action_time": "2022-09-30T07:22:53.267Z", "user": 1, "content_type": 15, "object_id": "1", "object_repr": "Welcome to Forrest Records!", "action_flag": 2, "change_message": "[{\"changed\": {\"fields\": [\"Content\"]}}]"}}, {"model": "admin.logentry", "pk": 27, "fields": {"action_time": "2022-10-01T10:50:02.773Z", "user": 1, "content_type": 15, "object_id": "2", "object_repr": "Rage Against the Compiler Announce 2023 Tour", "action_flag": 2, "change_message": "[{\"changed\": {\"fields\": [\"Content\"]}}]"}}, {"model": "admin.logentry", "pk": 28, "fields": {"action_time": "2022-10-01T10:50:21.002Z", "user": 1, "content_type": 15, "object_id": "2", "object_repr": "Rage Against the Compiler Announce 2023 Tour", "action_flag": 2, "change_message": "[{\"changed\": {\"fields\": [\"Content\"]}}]"}}, {"model": "admin.logentry", "pk": 29, "fields": {"action_time": "2022-10-01T11:01:01.603Z", "user": 1, "content_type": 15, "object_id": "3", "object_repr": "Forrest Records Charity Event: Dec 2nd 2022", "action_flag": 2, "change_message": "[{\"changed\": {\"fields\": [\"Title\", \"Content\"]}}]"}}, {"model": "admin.logentry", "pk": 30, "fields": {"action_time": "2022-10-01T11:01:22.791Z", "user": 1, "content_type": 15, "object_id": "3", "object_repr": "Forrest Records Charity Event: Dec 2nd 2022", "action_flag": 2, "change_message": "[{\"changed\": {\"fields\": [\"Content\"]}}]"}}, {"model": "admin.logentry", "pk": 31, "fields": {"action_time": "2022-10-03T07:50:36.428Z", "user": 1, "content_type": 15, "object_id": "5", "object_repr": "Algorhythm Sign to Tonedef Records.", "action_flag": 2, "change_message": "[{\"changed\": {\"fields\": [\"Content\"]}}]"}}, {"model": "admin.logentry", "pk": 32, "fields": {"action_time": "2022-10-03T17:49:03.490Z", "user": 1, "content_type": 15, "object_id": "4", "object_repr": "Four Oh Four and Event Handlers Joint EP in the Works.", "action_flag": 2, "change_message": "[{\"changed\": {\"fields\": [\"Content\"]}}]"}}, {"model": "admin.logentry", "pk": 33, "fields": {"action_time": "2022-10-03T17:49:34.571Z", "user": 1, "content_type": 15, "object_id": "4", "object_repr": "Four Oh Four and Event Handlers Joint EP in the Works.", "action_flag": 2, "change_message": "[]"}}, {"model": "admin.logentry", "pk": 34, "fields": {"action_time": "2022-10-03T17:50:57.221Z", "user": 1, "content_type": 15, "object_id": "4", "object_repr": "Four Oh Four and Event Handlers Joint EP in the Works.", "action_flag": 2, "change_message": "[{\"changed\": {\"fields\": [\"Content\"]}}]"}}, {"model": "admin.logentry", "pk": 35, "fields": {"action_time": "2022-10-04T16:56:26.882Z", "user": 1, "content_type": 20, "object_id": "9", "object_repr": "A35C7BD1FE204F7098C1954332B6E900", "action_flag": 2, "change_message": "[]"}}, {"model": "admin.logentry", "pk": 36, "fields": {"action_time": "2022-10-04T16:56:59.200Z", "user": 1, "content_type": 20, "object_id": "9", "object_repr": "A35C7BD1FE204F7098C1954332B6E900", "action_flag": 3, "change_message": ""}}, {"model": "admin.logentry", "pk": 37, "fields": {"action_time": "2022-10-04T17:01:36.364Z", "user": 1, "content_type": 20, "object_id": "8", "object_repr": "2831D0EEDBBC4235A1B31244D52EBFF5", "action_flag": 3, "change_message": ""}}, {"model": "admin.logentry", "pk": 38, "fields": {"action_time": "2022-10-04T17:01:36.367Z", "user": 1, "content_type": 20, "object_id": "7", "object_repr": "363B1E7565A8428F8670C181A2DD3ABA", "action_flag": 3, "change_message": ""}}, {"model": "admin.logentry", "pk": 39, "fields": {"action_time": "2022-10-04T17:01:36.368Z", "user": 1, "content_type": 20, "object_id": "6", "object_repr": "4A261323FFED44D5A72C1499FDF980AB", "action_flag": 3, "change_message": ""}}, {"model": "admin.logentry", "pk": 40, "fields": {"action_time": "2022-10-04T17:01:36.371Z", "user": 1, "content_type": 20, "object_id": "5", "object_repr": "FF8EF98DE5844368A49025A2F142023D", "action_flag": 3, "change_message": ""}}, {"model": "admin.logentry", "pk": 41, "fields": {"action_time": "2022-10-04T17:01:36.373Z", "user": 1, "content_type": 20, "object_id": "4", "object_repr": "60FA081FBB9642D0AEF2FC33AB05CC00", "action_flag": 3, "change_message": ""}}, {"model": "admin.logentry", "pk": 42, "fields": {"action_time": "2022-10-04T17:01:36.374Z", "user": 1, "content_type": 20, "object_id": "3", "object_repr": "98F82BA36921445A918949FF14A2FC0B", "action_flag": 3, "change_message": ""}}, {"model": "admin.logentry", "pk": 43, "fields": {"action_time": "2022-10-04T17:01:36.376Z", "user": 1, "content_type": 20, "object_id": "2", "object_repr": "B57A300C249E4E298F87566A8A6A8E10", "action_flag": 3, "change_message": ""}}, {"model": "admin.logentry", "pk": 44, "fields": {"action_time": "2022-10-04T17:01:36.377Z", "user": 1, "content_type": 20, "object_id": "1", "object_repr": "6E86EDD5C57D43B8ACBD454C3B645456", "action_flag": 3, "change_message": ""}}, {"model": "admin.logentry", "pk": 45, "fields": {"action_time": "2022-10-04T18:09:11.142Z", "user": 1, "content_type": 20, "object_id": "14", "object_repr": "C96D755F30254E3DB4796EC8EB8950D9", "action_flag": 3, "change_message": ""}}, {"model": "admin.logentry", "pk": 46, "fields": {"action_time": "2022-10-04T18:09:11.145Z", "user": 1, "content_type": 20, "object_id": "13", "object_repr": "88A66F5780CD4C80835757ADA60B745D", "action_flag": 3, "change_message": ""}}, {"model": "admin.logentry", "pk": 47, "fields": {"action_time": "2022-10-04T18:09:11.146Z", "user": 1, "content_type": 20, "object_id": "12", "object_repr": "7A89E785C7B9400AB232E69488A49E12", "action_flag": 3, "change_message": ""}}, {"model": "admin.logentry", "pk": 48, "fields": {"action_time": "2022-10-04T18:09:11.149Z", "user": 1, "content_type": 20, "object_id": "11", "object_repr": "EBC0F5A46530491190B5BED50AC847FC", "action_flag": 3, "change_message": ""}}, {"model": "admin.logentry", "pk": 49, "fields": {"action_time": "2022-10-04T18:09:11.152Z", "user": 1, "content_type": 20, "object_id": "10", "object_repr": "5C9C848986BE448FB0E1A53B6700FBCC", "action_flag": 3, "change_message": ""}}, {"model": "admin.logentry", "pk": 50, "fields": {"action_time": "2022-10-04T18:10:18.459Z", "user": 1, "content_type": 20, "object_id": "16", "object_repr": "37129D6E0FB24EE9A3846595A4B509AC", "action_flag": 3, "change_message": ""}}, {"model": "admin.logentry", "pk": 51, "fields": {"action_time": "2022-10-04T18:10:18.461Z", "user": 1, "content_type": 20, "object_id": "15", "object_repr": "A5DF529691CC4728BC0D6D1F7517F1EC", "action_flag": 3, "change_message": ""}}, {"model": "admin.logentry", "pk": 52, "fields": {"action_time": "2022-10-04T18:31:07.703Z", "user": 1, "content_type": 20, "object_id": "19", "object_repr": "EAD3BD32E5024D8EB42907E4ACFDC062", "action_flag": 3, "change_message": ""}}, {"model": "admin.logentry", "pk": 53, "fields": {"action_time": "2022-10-04T18:31:07.706Z", "user": 1, "content_type": 20, "object_id": "18", "object_repr": "925C3510BD8A444C8489957832B2AB34", "action_flag": 3, "change_message": ""}}, {"model": "admin.logentry", "pk": 54, "fields": {"action_time": "2022-10-04T18:31:07.708Z", "user": 1, "content_type": 20, "object_id": "17", "object_repr": "60FFD8B7E33144DFB3E2D5634426D57F", "action_flag": 3, "change_message": ""}}, {"model": "admin.logentry", "pk": 55, "fields": {"action_time": "2022-10-04T18:31:14.790Z", "user": 1, "content_type": 20, "object_id": "20", "object_repr": "BA8293E581BB4B0A962F5496A659229E", "action_flag": 3, "change_message": ""}}, {"model": "admin.logentry", "pk": 56, "fields": {"action_time": "2022-10-05T04:32:04.257Z", "user": 1, "content_type": 20, "object_id": "23", "object_repr": "DE2727ED762C43C4BA95CB120125979D", "action_flag": 3, "change_message": ""}}, {"model": "admin.logentry", "pk": 57, "fields": {"action_time": "2022-10-05T04:32:04.259Z", "user": 1, "content_type": 20, "object_id": "22", "object_repr": "5457F0C108C5456B95E5604E115BA689", "action_flag": 3, "change_message": ""}}, {"model": "admin.logentry", "pk": 58, "fields": {"action_time": "2022-10-05T04:32:04.260Z", "user": 1, "content_type": 20, "object_id": "21", "object_repr": "7464FB3D3F024A22AF8C9AC8E1407151", "action_flag": 3, "change_message": ""}}, {"model": "admin.logentry", "pk": 59, "fields": {"action_time": "2022-10-05T04:48:48.373Z", "user": 1, "content_type": 22, "object_id": "1", "object_repr": "forrest_records.example.com", "action_flag": 2, "change_message": "[{\"changed\": {\"fields\": [\"Domain name\", \"Display name\"]}}]"}}, {"model": "admin.logentry", "pk": 60, "fields": {"action_time": "2022-10-05T04:56:04.370Z", "user": 1, "content_type": 23, "object_id": "1", "object_repr": "samforrest@live.co.uk", "action_flag": 2, "change_message": "[{\"changed\": {\"fields\": [\"Verified\", \"Primary\"]}}]"}}, {"model": "admin.logentry", "pk": 61, "fields": {"action_time": "2022-10-05T07:18:11.145Z", "user": 1, "content_type": 20, "object_id": "24", "object_repr": "372E076EABA04DDAAAFB465915D70BB9", "action_flag": 3, "change_message": ""}}, {"model": "admin.logentry", "pk": 62, "fields": {"action_time": "2022-10-05T19:03:23.433Z", "user": 1, "content_type": 28, "object_id": "1", "object_repr": "Message object (1)", "action_flag": 3, "change_message": ""}}, {"model": "admin.logentry", "pk": 63, "fields": {"action_time": "2022-10-05T19:18:40.373Z", "user": 1, "content_type": 28, "object_id": "2", "object_repr": "Message object (2)", "action_flag": 3, "change_message": ""}}, {"model": "admin.logentry", "pk": 64, "fields": {"action_time": "2022-10-05T20:37:45.364Z", "user": 1, "content_type": 28, "object_id": "3", "object_repr": "Message object (3)", "action_flag": 2, "change_message": "[{\"changed\": {\"fields\": [\"Email\"]}}]"}}, {"model": "admin.logentry", "pk": 65, "fields": {"action_time": "2022-10-05T20:37:52.017Z", "user": 1, "content_type": 28, "object_id": "1", "object_repr": "Message object (1)", "action_flag": 2, "change_message": "[{\"changed\": {\"fields\": [\"Email\"]}}]"}}, {"model": "admin.logentry", "pk": 66, "fields": {"action_time": "2022-10-06T06:13:30.039Z", "user": 1, "content_type": 12, "object_id": "22", "object_repr": "Mystery Shirt", "action_flag": 3, "change_message": ""}}, {"model": "admin.logentry", "pk": 67, "fields": {"action_time": "2022-10-06T06:18:30.750Z", "user": 1, "content_type": 13, "object_id": "23", "object_repr": "Mystery Shirt", "action_flag": 2, "change_message": "[{\"changed\": {\"fields\": [\"Product type\"]}}]"}}, {"model": "admin.logentry", "pk": 68, "fields": {"action_time": "2022-10-06T06:41:15.846Z", "user": 1, "content_type": 13, "object_id": "24", "object_repr": "Mystery Shirt", "action_flag": 3, "change_message": ""}}, {"model": "admin.logentry", "pk": 69, "fields": {"action_time": "2022-10-06T17:40:02.776Z", "user": 1, "content_type": 16, "object_id": "1", "object_repr": "Blog page", "action_flag": 2, "change_message": "[{\"changed\": {\"fields\": [\"Featured blog\"]}}]"}}, {"model": "admin.logentry", "pk": 70, "fields": {"action_time": "2022-10-06T17:48:01.052Z", "user": 1, "content_type": 16, "object_id": "1", "object_repr": "Blog page", "action_flag": 2, "change_message": "[{\"changed\": {\"fields\": [\"Featured blog\"]}}]"}}, {"model": "admin.logentry", "pk": 71, "fields": {"action_time": "2022-10-06T17:54:11.382Z", "user": 1, "content_type": 16, "object_id": "1", "object_repr": "Blog page", "action_flag": 2, "change_message": "[{\"changed\": {\"fields\": [\"Featured blog\"]}}]"}}, {"model": "admin.logentry", "pk": 72, "fields": {"action_time": "2022-10-06T18:03:36.555Z", "user": 1, "content_type": 16, "object_id": "1", "object_repr": "Blog page", "action_flag": 2, "change_message": "[{\"changed\": {\"fields\": [\"Featured blog\"]}}]"}}, {"model": "admin.logentry", "pk": 73, "fields": {"action_time": "2022-10-06T18:25:07.987Z", "user": 1, "content_type": 16, "object_id": "1", "object_repr": "Blog page", "action_flag": 2, "change_message": "[{\"changed\": {\"fields\": [\"Featured blog\"]}}]"}}, {"model": "admin.logentry", "pk": 74, "fields": {"action_time": "2022-10-07T08:59:55.068Z", "user": 1, "content_type": 4, "object_id": "2", "object_repr": "testaccount", "action_flag": 2, "change_message": "[]"}}, {"model": "admin.logentry", "pk": 75, "fields": {"action_time": "2022-10-07T15:27:50.265Z", "user": 1, "content_type": 9, "object_id": "21", "object_repr": "Login Required", "action_flag": 2, "change_message": "[{\"changed\": {\"fields\": [\"Image\"]}}]"}}, {"model": "auth.user", "pk": 1, "fields": {"password": "pbkdf2_sha256$260000$fjx1Bsi9JZvFjtWapjUm3i$4ZF+wUacoy31Mg+Xv1M/DOInqFnnsdjCFeEnnsFmdVE=", "last_login": "2022-10-07T18:39:17.254Z", "is_superuser": true, "username": "samueljamesforrest", "first_name": "Sam", "last_name": "Forrest", "email": "samforrest@live.co.uk", "is_staff": true, "is_active": true, "date_joined": "2022-09-26T07:38:41Z", "groups": [], "user_permissions": []}}, {"model": "auth.user", "pk": 2, "fields": {"password": "pbkdf2_sha256$260000$wgjlGqQzNqRGJMXcqsxn9o$f437ZBX9fazn41eXMQFFICWczs1OmYMXKHyMvYs6sz4=", "last_login": "2022-10-07T12:52:24.075Z", "is_superuser": false, "username": "testaccount", "first_name": "", "last_name": "", "email": "test@test.com", "is_staff": false, "is_active": true, "date_joined": "2022-10-05T06:28:51Z", "groups": [], "user_permissions": []}}, {"model": "sessions.session", "pk": "00myzui09r1ifpnnqdkkshfqy6tc2ror", "fields": {"session_data": "eyJiYWciOnsiMTMiOjEsIjIiOjEsIjIwIjoyLCI3Ijo4fX0:1oecbV:L0TQfyjzU3Er3Uu50nrIABbnxFmc_LK-6KnukyxzUno", "expire_date": "2022-10-15T13:32:29.552Z"}}, {"model": "sessions.session", "pk": "010symp40a1rjesrpa7gxeb11mszrfn0", "fields": {"session_data": "eyJiYWciOnsiNiI6eyJpdGVtc19ieV9zaXplIjp7Im0iOjEsInhsIjoxfX19fQ:1ofEhf:auAL3RD5FlWB3DR3XXsSG-EININDmmSMQiF0JUs-rM8", "expire_date": "2022-10-17T06:13:23.588Z"}}, {"model": "sessions.session", "pk": "0tc6qmdji8el3da9kjwp4m0z5nhf46l1", "fields": {"session_data": "eyJiYWciOnsiMSI6MSwiNCI6MX19:1oeiQi:0KVDrjHl1tb2TYgVLavGCwypqIVWY2BbmqGp9cwZ_kU", "expire_date": "2022-10-15T19:45:44.009Z"}}, {"model": "sessions.session", "pk": "1nkyo287nsgps6u6j28f3c20e5wqrlk5", "fields": {"session_data": "eyJiYWciOnsiMTEiOjIsIjUiOnsiaXRlbXNfYnlfc2l6ZSI6eyJ4bCI6MX19LCI5IjoyMH19:1ofFY1:PGozzkUMYEPJ_v0Vp1JatqvXznMQVP9wFgkLETA1t-M", "expire_date": "2022-10-17T07:07:29.104Z"}}, {"model": "sessions.session", "pk": "237n7wcsywvdw2s8j4r8z4cv8reochcf", "fields": {"session_data": ".eJxVjMsOwiAUBf-FdUOgtDy6dO83ELhcLGrAQGs0xn_XJl3o9syceRHr1mW2a8NqUyAT4aT73byDC-YNhLPLp0Kh5KUmTzeF7rTRYwl4PezuX2B2bf6-fQwGDOu1icDBe42ODUZyMUoIygjGuEM1ihFZHFTvxRCEQqelhKg0gy3asLVUssXHLdUnmVhHmrujTTkWMi11xfcH9-VFPA:1ogLWv:mrYx-yN4q92mDUxzG1hg59QvnfsfQ51mYdWfgRH8YMM", "expire_date": "2022-10-20T07:42:53.645Z"}}, {"model": "sessions.session", "pk": "2bgwk191qhkmmet1hqmllu9969lhpoo3", "fields": {"session_data": "eyJiYWciOnsiNiI6eyJpdGVtc19ieV9zaXplIjp7Im0iOjEsInhsIjoxfX19fQ:1ofEgd:oWiKqpv65u4-B3vn80s1PHMZXd_ZSZRETtG04kSxsrg", "expire_date": "2022-10-17T06:12:19.067Z"}}, {"model": "sessions.session", "pk": "2f9391xa7rarnxmc8y8nsnekzouupa25", "fields": {"session_data": "eyJiYWciOnsiMSI6MSwiNSI6Mn19:1oecH5:8Pl_XVqp5gCpSqgEUqDhptHIHlTtM6G3HEVD72yf_UM", "expire_date": "2022-10-15T13:11:23.587Z"}}, {"model": "sessions.session", "pk": "2jdz3uwjdy33xrp7p5rwyuws1np5ny0o", "fields": {"session_data": "eyJiYWciOnsiMSI6e319fQ:1oejYm:YxQzks-hl2p-Ag4SdJKQKoKlQgBfdWYOU3ScFqb4r10", "expire_date": "2022-10-15T20:58:08.396Z"}}, {"model": "sessions.session", "pk": "2oprsd97jo8nwxiylorn1vzerkwz3lcn", "fields": {"session_data": ".eJxVjDsOgzAQRO-yNbK8GH_L9DkDWq9tIIlA4lMh7h6QaChn3pvZIVIHYQf0ELACDaGuAOUZjgpa2ta-3ZY8t0OCAAiPLhJ_83iB9KGxmwRP4zoPUVyKuOki3lPKv9ftPg56WvpzHUvy7GXtfGHkGF0m2XiDShtO1ispkbLVSmdZGltH1SRlMzljuFgnGY4_dvw-DQ:1ofCtf:S4UHi-yJLVbm_JbQuhK81JlNeNRgXq7NF5I1FpW6jCI", "expire_date": "2022-10-17T04:17:39.501Z"}}, {"model": "sessions.session", "pk": "2tuqe6wzlhtyy9v2vbgx5ru4wdj9klei", "fields": {"session_data": "eyJiYWciOnsiNiI6eyJpdGVtc19ieV9zaXplIjp7Im0iOjEsInhsIjoxfX19fQ:1ofElo:yyHPFy8HcruXhxx3-tWnoGYrKGzxm-My5Bop7Mmgi5o", "expire_date": "2022-10-17T06:17:40.847Z"}}, {"model": "sessions.session", "pk": "3luctdo7nbnej6s8icm3p90lb1ckmlx9", "fields": {"session_data": "eyJiYWciOnsiMTkiOnsicXVhbnRpdHkiOjEsImRpZ2l0YWxfZG93bmxvYWQiOm51bGx9fX0:1oejhZ:s0wrrFmxOGnUGHMHc1ozXdB0rImn1yMWr7MmP2jvyJE", "expire_date": "2022-10-15T21:07:13.822Z"}}, {"model": "sessions.session", "pk": "4xyj6k2f1n2rx9tmidh0pkefa5luy25i", "fields": {"session_data": ".eJxVjMsOwiAUBf-FdUOgtDy6dO83ELhcLGrAQGs0xn_XJl3o9syceRHr1mW2a8NqUyAT4aT73byDC-YNhLPLp0Kh5KUmTzeF7rTRYwl4PezuX2B2bf6-fQwGDOu1icDBe42ODUZyMUoIygjGuEM1ihFZHFTvxRCEQqelhKg0gy3asLVUssXHLdUnmVhHmrujTTkWMi11xfcH9-VFPA:1ofymD:ZJwxyZg_8_Yt8luWoD0dnv3pW-zT_xDVzaZrGXEsF7w", "expire_date": "2022-10-19T07:25:09.293Z"}}, {"model": "sessions.session", "pk": "5c2x455yr55xzks2dyhlqs6e0d7pb2u7", "fields": {"session_data": "eyJiYWciOnsiNiI6eyJpdGVtc19ieV9zaXplIjp7Im0iOjEsImwiOjF9fX19:1ofEan:30va2lzBYGXYYqLIdO8UgOaLmsnlSm6cIvNFQnf0Nxo", "expire_date": "2022-10-17T06:06:17.641Z"}}, {"model": "sessions.session", "pk": "60zo72zmgyzkvkbv8stqb699tkdyf5ie", "fields": {"session_data": ".eJxVjEEOwiAURO_C2hAoLaVduvcM5AP_W9RAA22iMd7dNulCd5OZN-_NLKzLZNeKxcbARibZ6bdz4O-Y9iHcIF0z9zktJTq-I_xYK7_kgI_zwf4JJqjT9hbUN8bgoEArEoFoix30pEGQcCY49K1ECINykrrGO91qaUA1vTJA2O3SirXGnCw-51hebBSfL7RcP9U:1ogmqY:MqNR9mkOPQGLdpzhBsT29se35hP67D4N9zUSeZqM_-A", "expire_date": "2022-10-21T12:52:58.236Z"}}, {"model": "sessions.session", "pk": "6ntx0k07y7lses7rz6bspx2ognbq59d4", "fields": {"session_data": ".eJxVjMsOwiAQRf-FtSFQWh5duvcbyDAMFjVgSptojP-uTbrQ7T3nnhfzsC6TXxvNPkc2MskOv1sAvFLZQLxAOVeOtSxzDnxT-E4bP9VIt-Pu_gUmaNP3HVJ06ERnXUKJIVgC0Tst1aAxGqeEkEBmUAOJ1JsuqD4qQ2C1xmSswC3aqLVci6fHPc9PNor3B5TAPxg:1ogRKV:lVGJb3-I0dDojt5lM-38YvO6Is7HW9LThdDiMa-Qw8E", "expire_date": "2022-10-20T13:54:27.095Z"}}, {"model": "sessions.session", "pk": "74rhsfhwpn88ydb9z8g80zr3tqips2uk", "fields": {"session_data": "eyJiYWciOnsiNyI6Mn19:1ofFYf:zAsE4rFq3gWBxCMlWnGeEh32QRMdJUb53LnI7MdggCg", "expire_date": "2022-10-17T07:08:09.694Z"}}, {"model": "sessions.session", "pk": "78hiq85yfctbf07lpe9qyqxnz1rc9s71", "fields": {"session_data": "eyJiYWciOnsiNyI6MSwiNCI6MX19:1oeiPu:qmoIgmmjtQWHnjHVahhfP-UPAWeLlaUedVa8f4dY7VE", "expire_date": "2022-10-15T19:44:54.831Z"}}, {"model": "sessions.session", "pk": "7mukvekcpncvuduhm8rtgmymv6awwgek", "fields": {"session_data": ".eJyrVkpKTFeyqlYyAxGZJam5xfFJlfHFmVWpIIFcJStDIx2lihwgDaSKwVQxSLQWCABNfRK_:1ofET8:MbLI69-qkrGfWakSoDye5MkiudjC0qAbtE1YQNrFHps", "expire_date": "2022-10-17T05:58:22.639Z"}}, {"model": "sessions.session", "pk": "850qtqwuscrovd0bq1phqrw411ncqa2e", "fields": {"session_data": ".eJxVTstqxCAU_RW5awkmatTs2n2_YDKIj5tMplOFmLSUYf69BqbQbs7ivO9g3b5d7F5wtUuEAVqgfznvwjumQ4hXl-bchJy2dfHNYWmeamnecsTb69P7r-DiyqWm_RRNMKzTZgpt8F6jY8L0LZd9iMpwxlqHSnKJbBKq81xErtDpvg-T0izU0uI-0S5pyjBM7laQgnczDPd6eehaoYTmvdAUOAxKCq6NVFwYdqCuy0pWVLJjj_rvA0txM5b67HQawdpryemXHYESRkknKRnhJUaMZMXha0mRbJl8530ldXmE8xkeP8Q1Yuc:1ofmzA:4ppChGUX3RVUwElzoHrSg_fWLVoqramtOiOcqs-mG7A", "expire_date": "2022-10-18T18:49:44.632Z"}}, {"model": "sessions.session", "pk": "8jjb0fsnw08p159klnxnj85eznh3zaj5", "fields": {"session_data": "eyJiYWciOnsiNCI6eyJpdGVtc19ieV9zaXplIjp7InhzIjoyfX19fQ:1ofENw:HZsEHZ2LALsShShxjaMPnRdWrdCzzwr4YLn1ZbtK4as", "expire_date": "2022-10-17T05:53:00.117Z"}}, {"model": "sessions.session", "pk": "9xnc4rykdb17l9yqkfzky08yp2sj8fs0", "fields": {"session_data": "eyJiYWciOnsiMSI6MX19:1oejJD:INwQL9L7Evl5R8hzAxNIsvcJrlJM27cpHwSutpVqAt0", "expire_date": "2022-10-15T20:42:03.066Z"}}, {"model": "sessions.session", "pk": "a0lrk3bcr1wdumnyvsuqugl92sozifgc", "fields": {"session_data": "eyJiYWciOnsiNiI6eyJpdGVtc19ieV9zaXplIjp7Im0iOjEsInhsIjozLCJ4cyI6MX19LCIxMSI6Mn19:1ofFAd:hUnIaC9WgsXRRmYbAHTxmKG1z2qN9XPvzH50fDZAUVk", "expire_date": "2022-10-17T06:43:19.803Z"}}, {"model": "sessions.session", "pk": "ap1yj1aqeqmqljznyni636rh0ypkh2rm", "fields": {"session_data": "eyJiYWciOnsiNiI6eyJpdGVtc19ieV9zaXplIjp7Im0iOjEsImwiOjF9fX19:1ofEl8:9SUL2w-nFcx_JROlz3aYUS5pnVf4gyAxya9yaMHo0BA", "expire_date": "2022-10-17T06:16:58.828Z"}}, {"model": "sessions.session", "pk": "c672dxrwz7x51ff507fhh16nad0o80bw", "fields": {"session_data": "eyJiYWciOnsiMSI6Mn19:1oejWa:NtWjVWIFmKB99FWzuUktNDcGWW0j-eGttYkhYQUafMU", "expire_date": "2022-10-15T20:55:52.391Z"}}, {"model": "sessions.session", "pk": "csi85m6jp6kluudjrgri88k0dfe0w76a", "fields": {"session_data": ".eJxVjMsOwiAQRf-FtSFQWh5duvcbyDAMFjVgSptojP-uTbrQ7T3nnhfzsC6TXxvNPkc2MskOv1sAvFLZQLxAOVeOtSxzDnxT-E4bP9VIt-Pu_gUmaNP3HVJ06ERnXUKJIVgC0Tst1aAxGqeEkEBmUAOJ1JsuqD4qQ2C1xmSswC3aqLVci6fHPc9PNor3B5TAPxg:1ogBGx:d2YqfBjQmH1LUOd_SBKTycML3SfWRV3SjdVvPfYjXuc", "expire_date": "2022-10-19T20:45:43.601Z"}}, {"model": "sessions.session", "pk": "dft0n3urrfh1h7b36au3mkel0kin5rtw", "fields": {"session_data": "eyJiYWciOnsiNSI6eyJpdGVtc19ieV9zaXplIjp7ImwiOjF9fX19:1ofEGb:fwP8vx1-FxHRW0Szlwq3JxFHBtFxz56vrAcw9TT3wM0", "expire_date": "2022-10-17T05:45:25.524Z"}}, {"model": "sessions.session", "pk": "dnzl6d2h9hnopx3e4rvayi24cu4cjirl", "fields": {"session_data": "eyJiYWciOnsiNCI6MX19:1oeiSZ:JRT0E7TXIe8yWouZ4KFa9B00y-TpD-IDiNjr0eTYWwc", "expire_date": "2022-10-15T19:47:39.646Z"}}, {"model": "sessions.session", "pk": "dqc5e5tiren1lkil5d4626zeemfcksmi", "fields": {"session_data": "eyJiYWciOnsiMSI6e319fQ:1oejXH:feNWDkQLBmPhgQWbp1HdVwfPmpi3n1SpMVqKyf9q5uM", "expire_date": "2022-10-15T20:56:35.586Z"}}, {"model": "sessions.session", "pk": "fk9kstt9qqd443ewtape1gyu2cymosli", "fields": {"session_data": ".eJxVjEEOwiAQRe_C2pBpKVK6dO8ZyDADFjXQlDbRGO-uTbrQ7X_vv5dwuC6jW2uYXWIxiFYcfjePdAt5A3zFfCmSSl7m5OWmyJ1WeS4c7qfd_QuMWMfv2yAzRd8oUDFS0MFGMA30ViuDsSNLFkgDUdez94CgLPuWozZRtcfGbtEaak0lu_CY0vwUA7w_wiY_zQ:1ogiZu:KOIqjI69KRMw-62sUm0Db3BFDjog7u8PnSGkVw5vPuQ", "expire_date": "2022-10-21T08:19:30.529Z"}}, {"model": "sessions.session", "pk": "fyj5qtyrwnbqf1vyhmdjy1iduiqeagv5", "fields": {"session_data": "eyJiYWciOnsiMSI6NSwiMiI6MX19:1oejQc:cW8YFkA-5ZGdjf1FoMUSxlALXU9wyN3tA1QQR8BJGhA", "expire_date": "2022-10-15T20:49:42.729Z"}}, {"model": "sessions.session", "pk": "g8urp9c9pavkpiepjhxuone54610o1hl", "fields": {"session_data": "eyJiYWciOnsiMSI6OH19:1oejCB:p5cm6jOLFj81QqO_SiANPVBOz1Hu2hZcOcs975IbTm0", "expire_date": "2022-10-15T20:34:47.230Z"}}, {"model": "sessions.session", "pk": "gherq2fjl6a1o8c70lfho5ljwkoqvays", "fields": {"session_data": ".eJxVjEEOwiAURO_C2hAoLaVduvcM5AP_W9RAA22iMd7dNulCd5OZN-_NLKzLZNeKxcbARibZ6bdz4O-Y9iHcIF0z9zktJTq-I_xYK7_kgI_zwf4JJqjT9hbUN8bgoEArEoFoix30pEGQcCY49K1ECINykrrGO91qaUA1vTJA2O3SirXGnCw-51hebBSfL7RcP9U:1ogsFh:AOHRqW4cbTgIUKWSms_MU_NLK-E9S6kYZVOx-A6OOO0", "expire_date": "2022-10-21T18:39:17.306Z"}}, {"model": "sessions.session", "pk": "h271rz8sa338rrm890z0w9mnqjza8br7", "fields": {"session_data": "eyJiYWciOnsiMSI6eyJxdWFudGl0eSI6MSwiZGlnaXRhbF9kb3dubG9hZCI6InRydWUifX19:1oejcj:HzKzB5GWF_LMxkiS5e6szjka8nM1wFgxRkOCiGyJBYc", "expire_date": "2022-10-15T21:02:13.433Z"}}, {"model": "sessions.session", "pk": "h2s43ije0pu7pwam0njhre28pifwjkn0", "fields": {"session_data": "eyJiYWciOnsiNSI6eyJpdGVtc19ieV9zaXplIjp7Im0iOjQsImwiOjJ9fX19:1ofEUR:TngLhx5DbIHmjJk6yUHSFeS4IvI_vso9nW79q6f3NyM", "expire_date": "2022-10-17T05:59:43.033Z"}}, {"model": "sessions.session", "pk": "i3k4q6qklwp5ynubsil4lbru6i9n326i", "fields": {"session_data": "eyJiYWciOnsiNiI6eyJpdGVtc19ieV9zaXplIjp7Im0iOjF9fX19:1ofEkS:ET7qk7xgdddKdnQi1Hg_aL0uwxFL6PVrPLtlXOBiuCE", "expire_date": "2022-10-17T06:16:16.140Z"}}, {"model": "sessions.session", "pk": "ijohz6ajmlaueeb4dochrhihw11wqwx2", "fields": {"session_data": "eyJiYWciOnsiNiI6eyJpdGVtc19ieV9zaXplIjp7Im0iOjMsImwiOjF9fX19:1ofEeF:ZwFBS7W-zus9pyuYHzsfirrN1Dcf87xaFQy36FOH0gU", "expire_date": "2022-10-17T06:09:51.354Z"}}, {"model": "sessions.session", "pk": "jwfqli9zyow7dpq5z9yqdsbzc3gy1opb", "fields": {"session_data": "eyJiYWciOnsiNSI6eyJpdGVtc19ieV9zaXplIjp7ImwiOjF9fX19:1ofEJI:aY96Q_wC-tWegCq1KtBFXlFrVRvOUTX0HuzDWPUStxs", "expire_date": "2022-10-17T05:48:12.278Z"}}, {"model": "sessions.session", "pk": "khsoa38i6dexsn4au7rpnnwxt6tl1ca0", "fields": {"session_data": "eyJiYWciOnsiNiI6eyJpdGVtc19ieV9zaXplIjp7Im0iOjEsInhsIjoxfX19fQ:1ofEmK:Nx9B25IyoMD-6pUUzblp50WrZuFgf_bkN-qLcwTDo1E", "expire_date": "2022-10-17T06:18:12.591Z"}}, {"model": "sessions.session", "pk": "mb1n2w7hy1sntnz3ogui0we2ezo1mgc1", "fields": {"session_data": ".eJxVTjkOgzAQ_MvWluUDfJXp8wa0XttAEoHEUSH-HiNRJN3cmgM63Leh29e8dGOCABLYrxaR3nm6jPTCqZ85zdO2jJFfEX67K3_OKX8ed_ZvYMB1qO1YkicvlPOFJMXoMorGG6lbQ8l6LYTEbFvdZlEaq6JukrYZnTFUrBNURyP2EA7QEBQDBcGwejZIBgaCrfgi5_kFDdQ__A:1oecBz:sGeUyfaGzK8cV5XNhc7TbwmJ_WnGHJQtUUaoeO7nfT0", "expire_date": "2022-10-15T13:06:07.064Z"}}, {"model": "sessions.session", "pk": "mohfym9gt2v63wbi23en5h606qj65u8m", "fields": {"session_data": "eyJiYWciOnsiNiI6eyJpdGVtc19ieV9zaXplIjp7Im0iOjEsInhsIjoxfX19fQ:1ofEpj:FoZFpwqgXi66gGrVFvcBMGV42qKx9Y6lFgi4Mjcqg1U", "expire_date": "2022-10-17T06:21:43.969Z"}}, {"model": "sessions.session", "pk": "n7pqdtci6hjixkf39e0h6xct3p1rubr6", "fields": {"session_data": "eyJiYWciOnsiMSI6eyJxdWFudGl0eSI6MSwiZGlnaXRhbF9kb3dubG9hZCI6IjEifX19:1oejcQ:WdfpDKa178MMcMT6yTk0_JrwbJsF0SnQ-8ijlh98FvM", "expire_date": "2022-10-15T21:01:54.790Z"}}, {"model": "sessions.session", "pk": "nf7elra4dibu2sv4841iivbqud6e3nro", "fields": {"session_data": "eyJiYWciOnsiMSI6eyJxdWFudGl0eSI6MSwiZGlnaXRhbF9kb3dubG9hZCI6bnVsbH19fQ:1oejaw:jcoEsOYUvenFx2tzzFaEtvgDulw-0kRGpiUEWrP4Hv0", "expire_date": "2022-10-15T21:00:22.152Z"}}, {"model": "sessions.session", "pk": "nhslvjwarxe9kfpix9vnstrt6cch7bnh", "fields": {"session_data": "eyJiYWciOnsiNiI6eyJpdGVtc19ieV9zaXplIjp7Im0iOjEsInhsIjoyLCJ4cyI6NH19fX0:1ofER6:T8QuGgOF-yRIQrp62Ydxi67xrUaqCkMPZRQZn1SFQV8", "expire_date": "2022-10-17T05:56:16.034Z"}}, {"model": "sessions.session", "pk": "np2frpedzhhygcm12h7gl4nn2yc3u8vz", "fields": {"session_data": "eyJiYWciOnsiNSI6MX19:1ofEFx:tPMI0SuUg_8i7DbGlfg0QpWPWHvPmLUoi_fUOH-Wr9k", "expire_date": "2022-10-17T05:44:45.472Z"}}, {"model": "sessions.session", "pk": "og9xaxl1oqim25r36wn8owcwpbkbusjh", "fields": {"session_data": "eyJiYWciOnsiMSI6eyJxdWFudGl0eSI6MSwiZGlnaXRhbF9kb3dubG9hZCI6IjEifX19:1oejbp:Za_Q72uPE3XJtHL_ZC6l_Qh5gl1RTymVRITYKBvAjo4", "expire_date": "2022-10-15T21:01:17.933Z"}}, {"model": "sessions.session", "pk": "t2efsavo2bajlb23m0sunxomfgnvja2f", "fields": {"session_data": ".eJxVjMsOwiAQRf-FtSFQWh5duvcbyDAMFjVgSptojP-uTbrQ7T3nnhfzsC6TXxvNPkc2MskOv1sAvFLZQLxAOVeOtSxzDnxT-E4bP9VIt-Pu_gUmaNP3HVJ06ERnXUKJIVgC0Tst1aAxGqeEkEBmUAOJ1JsuqD4qQ2C1xmSswC3aqLVci6fHPc9PNor3B5TAPxg:1ogPzK:D0ed0Ixa5M4zwYF18PiSXXQwa2-dAorcKiWwo1LHGCk", "expire_date": "2022-10-20T12:28:30.084Z"}}, {"model": "sessions.session", "pk": "t4gphqnaibuv025m0pkjbeb6h4lh0ihb", "fields": {"session_data": ".eJxVjEEOwiAURO_CuiFQWopduvcM5AP_W9SAgdZojHe3TbrQ3WTmzXszC8s82aVisTGwkUnW_HYO_BXTNoQLpHPmPqe5RMc3hO9r5acc8Hbc2T_BBHVa34KG1hg8KNCKRCBaYw8DaRAknAkOfScRwkE5SX3rne60NKDaQRkg7DdpxVpjThaf91hebBQNq_BAGxNlNs5lwc8XJB1F-Q:1ogXcH:d8Alm8JBLxU04somFhMuAK-WshogE63hwTUrg5YaRow", "expire_date": "2022-10-20T20:37:13.847Z"}}, {"model": "sessions.session", "pk": "tuioq083qm1qae9sxr54eg2cfoi70kqj", "fields": {"session_data": "eyJiYWciOnsiMSI6MSwiZGlnaXRhbF9kb3dubG9hZCI6InRydWUifX0:1oejKY:JmBo7oWT1Xbe7mSmrIS_s0skUbUgsB80N4czlfWE16Q", "expire_date": "2022-10-15T20:43:26.913Z"}}, {"model": "sessions.session", "pk": "ujxstbik1iwmxyxul1kqogqpj63ib5oa", "fields": {"session_data": "eyJiYWciOnsiNiI6MiwiMiI6MSwiMSI6MSwiMTEiOjF9fQ:1oeipU:PoxEKi_9iizuPcDdbMvW2Fe9V4oUTqHTzmMLtf3MswM", "expire_date": "2022-10-15T20:11:20.696Z"}}, {"model": "sessions.session", "pk": "umbxehs0pugf6fp95j2zl3xrp8efzaqe", "fields": {"session_data": "eyJiYWciOnsiNSI6MX19:1ofEEv:X-0xO0qxm5cTModDbL8U3UiuxutSzY8-NuUKbxU-koI", "expire_date": "2022-10-17T05:43:41.244Z"}}, {"model": "sessions.session", "pk": "we29h3f9pm5161tw0sd9nnv2636l7wsf", "fields": {"session_data": "e30:1ofxqX:YPkYMFv4YKE4sfpI0gOVixyWtm2XqjxYjWv20aJ0n2Y", "expire_date": "2022-10-19T06:25:33.819Z"}}, {"model": "sessions.session", "pk": "x4xxqproh3iv6mnghp0wgvgay0pcr7a5", "fields": {"session_data": "eyJiYWciOnsiMSI6e319fQ:1oejXz:Rp2hw5ANXIRxS48dMZZ6DOtAw8Wuxia9RKchctjjPVo", "expire_date": "2022-10-15T20:57:19.275Z"}}, {"model": "sessions.session", "pk": "xc3doexhladgthlo9h40hr7nzfvctpk5", "fields": {"session_data": "eyJiYWciOnsiMSI6NX19:1oejI5:Xl8XzwNnbtZ_8W0hazk17kcjeRsiRAUNnW7A3WB1xrw", "expire_date": "2022-10-15T20:40:53.345Z"}}, {"model": "sessions.session", "pk": "xh28ahr457uqoq6bdyva32hhisr76kf9", "fields": {"session_data": "eyJiYWciOnsiMSI6MiwiMyI6NX19:1ofEAT:2dMsPOEovnjviKd5JMg68-yTDdHrwSEOwHSnRns61ug", "expire_date": "2022-10-17T05:39:05.887Z"}}, {"model": "sessions.session", "pk": "xrdoluemlucgiu261fysiy85nt8hgguo", "fields": {"session_data": "eyJiYWciOnsiNCI6MSwiNiI6MX19:1oeiUG:mF3zFHOW8WmDMLmFip8X7fl9onQTLeKsLuxw2O7IL2I", "expire_date": "2022-10-15T19:49:24.231Z"}}, {"model": "sessions.session", "pk": "yeqssf6ghwkcxz0z7ymdvqxslghy369f", "fields": {"session_data": ".eJxVjDsOgzAQRO-yNbJsjL9l-pwB2WsbSCKQ-FSIu8cYiqTZ0cybnR1at619uy1xbocAFhhUv5l3-I7jCcLLjd1EcBrXefDkrJCbLuQ5hfh53N2_gd4tff72KRg0tNYmIUPvdXS0MZJxITEowyllLirBRaSpUbXnTeAqOi0lJqUp5lHvOrA7KLB1BaZcDZZVwEQxTF4uI56lZPyKVJGTH8cXoDdF8A:1oehli:fRcktMWQQsyP01mDgUj7dXtGDC8f6gNxADrNOJNbOGY", "expire_date": "2022-10-15T19:03:22.106Z"}}, {"model": "sessions.session", "pk": "ygu7x3w882exg63i1n8b906nxrxzlm6x", "fields": {"session_data": "eyJiYWciOnsiMSI6eyJxdWFudGl0eSI6MSwiZGlnaXRhbF9kb3dubG9hZCI6InRydWUifX19:1oejed:-dWrhpxm6izTSICVwzVu7ky3GadLi4FwLd4gT3PS4eY", "expire_date": "2022-10-15T21:04:11.794Z"}}, {"model": "sessions.session", "pk": "yuigbxpzciy3eaetlhaa0q6e3f0o5m16", "fields": {"session_data": ".eJxVjMsOwiAQRf-FtSFQ3i7d-w1kGAapGkhKuzL-uzbpQrf3nHNfLMK21rgNWuKc2ZlJdvrdEuCD2g7yHdqtc-xtXebEd4UfdPBrz_S8HO7fQYVRv3UqOWAQkw8FJabkCYQOVipjMbughJBAzihDomg3JaWzcgTeWizOC2TvD-1ON9s:1ofGDU:1nwdhI68BWNfIbu9wb7rf0oiL55M8sHKx4TXtxVMMH0", "expire_date": "2022-10-17T07:50:20.998Z"}}, {"model": "sessions.session", "pk": "yxgyhjclmbn6b6ik73zcgmjyo3hvdggd", "fields": {"session_data": "eyJiYWciOnsiNiI6eyJpdGVtc19ieV9zaXplIjp7Im0iOjEsImwiOjF9fX19:1ofEdg:f6vjr4LkDS7mWEz-5vxh4fmEq0IKcr0c1NQtChy6-jI", "expire_date": "2022-10-17T06:09:16.468Z"}}, {"model": "sessions.session", "pk": "zgkczl0v7fot5b7i02e78y5mvs4lsy99", "fields": {"session_data": "eyJiYWciOnsiMTEiOjMsIjYiOjEsIjQiOjJ9fQ:1oeiOK:WcEzWJVmsm2nBP2TxmR8V-jMkpNJs00T9VzQHGE68Go", "expire_date": "2022-10-15T19:43:16.221Z"}}, {"model": "sessions.session", "pk": "zs0hdgh2b3t5kqoxp3olwvmd2khj3736", "fields": {"session_data": "eyJiYWciOnsiNCI6MX19:1ofED2:RGAtBtqjHYx_os4FaKf5eg8gy7TQjxZ_WeiCdBxyv0A", "expire_date": "2022-10-17T05:41:44.112Z"}}, {"model": "sessions.session", "pk": "zucyo2w79xgg6ysgdt8jakvy320aljb6", "fields": {"session_data": "eyJiYWciOnsiNiI6eyJpdGVtc19ieV9zaXplIjp7Im0iOjEsInhsIjoxfX19fQ:1ofEms:08mlcJQywbgqhIIcrJBZipv8AZ7JA_wHw9JZ-i_tQo4", "expire_date": "2022-10-17T06:18:46.163Z"}}, {"model": "sites.site", "pk": 1, "fields": {"domain": "forrest_records.example.com", "name": "Forrest Records"}}, {"model": "account.emailaddress", "pk": 1, "fields": {"user": 1, "email": "samforrest@live.co.uk", "verified": true, "primary": true}}, {"model": "account.emailaddress", "pk": 2, "fields": {"user": 2, "email": "test@test.com", "verified": true, "primary": true}}, {"model": "home.homepage", "pk": 1, "fields": {"title": "Welcome to Forrest Records", "lead_paragraph": "All of the greatest punk/hardcore music - all under one roof. Whether you are looking for collectable, vintage vinyls, or the newest releases from your favourite artists, you are in the right place.", "shop_button": "Shop now", "blog_button": "Latest news", "facebook_link": "https://www.facebook.com", "instagram_link": "https://www.instagram.com", "soundcloud_link": "https://www.soundcloud.com", "bandcamp_link": "https://www.bandcamp.com"}}, {"model": "products.producttype", "pk": 1, "fields": {"name": "album", "friendly_name": "Album"}}, {"model": "products.producttype", "pk": 2, "fields": {"name": "merch", "friendly_name": "Merch"}}, {"model": "products.product", "pk": 1, "fields": {"name": "Unshifted", "sku": "ALB111", "description": "The algorhythm return with their debut LP \"Unshift\". This new release from the Brighton Based electro-punk duo has been called \"seminal\" and \"a return to form\".", "product_type": 1, "artist": 4, "price": "17.99", "image_url": "https://images.unsplash.com/photo-1515191107209-c28698631303?ixlib=rb-1.2.1&ixid=MnwxMjA3fDB8MHxzZWFyY2h8NHx8YWxidW0lMjBjb3ZlcnxlbnwwfHwwfHw%3D&auto=format&fit=crop&w=500&q=60", "image": "", "on_sale": false}}, {"model": "products.product", "pk": 2, "fields": {"name": "Days Gone", "sku": "ALB112", "description": "The album that truly brought Algorhythm into the spotlight. Featuring soaring synths, along with harsh vocals and downright psychotic lyricism in places - it is easy to see why this album caused such a stir.", "product_type": 1, "artist": 4, "price": "17.99", "image_url": "https://images.unsplash.com/photo-1608094510969-00a4353cea2d?ixlib=rb-1.2.1&ixid=MnwxMjA3fDB8MHxzZWFyY2h8MTR8fGFsYnVtJTIwYXJ0fGVufDB8fDB8fA%3D%3D&auto=format&fit=crop&w=500&q=60", "image": "", "on_sale": false}}, {"model": "products.product", "pk": 3, "fields": {"name": "re:wind", "sku": "ALB113", "description": "While Git and the Merge Conflicts may be new to the scene, their debit album \"re:wind\" has already changed the landscape of punk music itself. The Welsh three-piece combine dazzling guitar lines, heartful lyrics and a rough rhythm section to create what many people are calling the album of the year.", "product_type": 1, "artist": 10, "price": "20.99", "image_url": "https://images.unsplash.com/photo-1444703686981-a3abbc4d4fe3?ixlib=rb-1.2.1&ixid=MnwxMjA3fDB8MHxzZWFyY2h8MjF8fGFsYnVtJTIwYXJ0fGVufDB8MHwwfHw%3D&auto=format&fit=crop&w=500&q=60", "image": "", "on_sale": false}}, {"model": "products.product", "pk": 4, "fields": {"name": "Peace Sign Tee", "sku": "MER111", "description": "An oversized style tee from scene heroes \"The C Sharps\" - depicting their iconic logo 'the peace sign'. This t-shirt is 100% cotton and machine washable.", "product_type": 2, "artist": 8, "price": "35.99", "image_url": "https://images.unsplash.com/photo-1503342217505-b0a15ec3261c?ixlib=rb-1.2.1&ixid=MnwxMjA3fDB8MHxzZWFyY2h8OHx8YmFuZCUyMHRlZXxlbnwwfDB8MHx8&auto=format&fit=crop&w=500&q=60", "image": "", "on_sale": false}}, {"model": "products.product", "pk": 5, "fields": {"name": "Lyrics Tee", "sku": "MER112", "description": "Boo-lean's iconic opening line to their 2015 album \"Heart wrenched\" is now available as a tee! The band decided to dive back into their catalogue to create a product for the die hard fans, and as always, they do not disappoint. The shirt is a cotton/wool blend.", "product_type": 2, "artist": 3, "price": "25.99", "image_url": "https://images.unsplash.com/photo-1564864310852-e1e98eb07010?ixlib=rb-1.2.1&ixid=MnwxMjA3fDB8MHxzZWFyY2h8MzF8fHQlMjBzaGlydHxlbnwwfDB8MHx8&auto=format&fit=crop&w=500&q=60", "image": "", "on_sale": false}}, {"model": "products.product", "pk": 6, "fields": {"name": "Midnight Mare Tee", "sku": "MER113", "description": "Four Oh Four's ghoulishly bright tee-shirt, depicting their much beloved mascot \"The Midnight Mare\". This t-shirt is printed in-house by Forrest Records in Cardiff, Wales. Currently on sale, so get yours now while stocks last.", "product_type": 2, "artist": 9, "price": "24.99", "image_url": "https://images.unsplash.com/photo-1611040027926-4d9dd4b89c8a?ixlib=rb-1.2.1&ixid=MnwxMjA3fDB8MHxzZWFyY2h8NDh8fHQlMjBzaGlydHxlbnwwfDB8MHx8&auto=format&fit=crop&w=500&q=60", "image": "", "on_sale": true}}, {"model": "products.product", "pk": 7, "fields": {"name": "Untitled", "sku": "ALB114", "description": "A reprint of the classic 1992 album \"Untitled\" by fan favourites Rage Against The Compiler. Includes two unreleased songs: B-sides from the original album, as well as a live rendition of their super hit \"Gitting in the Way\".", "product_type": 1, "artist": 2, "price": "39.99", "image_url": "https://images.unsplash.com/photo-1561266436-05386f8c5a98?ixlib=rb-1.2.1&ixid=MnwxMjA3fDB8MHxzZWFyY2h8Njl8fGFsYnVtJTIwYXJ0fGVufDB8MHwwfHw%3D&auto=format&fit=crop&w=500&q=60", "image": "", "on_sale": false}}, {"model": "products.product", "pk": 8, "fields": {"name": "Tenfoot", "sku": "ALB115", "description": "Event Handlers, South Wales' post-hardcore wondergroup, are back with their newest album \"Tenfoot\" - an album that takes the listener to soaring highs and crushing lows. It is no mystery why this band has been a staple of the scene for so long.", "product_type": 1, "artist": 11, "price": "19.99", "image_url": "https://images.unsplash.com/photo-1578301978018-3005759f48f7?ixlib=rb-1.2.1&ixid=MnwxMjA3fDB8MHxzZWFyY2h8Nzd8fGFsYnVtJTIwYXJ0fGVufDB8MHwwfHw%3D&auto=format&fit=crop&w=500&q=60", "image": "", "on_sale": false}}, {"model": "products.product", "pk": 9, "fields": {"name": "First Breath", "sku": "ALB116", "description": "Great things come to those who wait. After taking four years to commuit to the album, The Initial Commits have finally dropped their debut EP \"Frist Breath\". If you are a fan of new-wave, electronic punk - this is the album for you.", "product_type": 1, "artist": 1, "price": "10.99", "image_url": "https://images.unsplash.com/photo-1588687078517-9fff9c65ba48?ixlib=rb-1.2.1&ixid=MnwxMjA3fDB8MHxzZWFyY2h8MTEwfHxhbGJ1bSUyMGFydHxlbnwwfDB8MHx8&auto=format&fit=crop&w=500&q=60", "image": "", "on_sale": false}}, {"model": "products.product", "pk": 10, "fields": {"name": "Float", "sku": "ALB117", "description": "The remastered edition of Float's seminal self-titled album, re-printed for it's 15th anniversary. This album is a limited edition collectors item, with only 100 printed, it is an essential on any collector's shelf.", "product_type": 1, "artist": 12, "price": "29.99", "image_url": "https://images.unsplash.com/photo-1609928890787-a8526fc30ec5?ixlib=rb-1.2.1&ixid=MnwxMjA3fDB8MHxzZWFyY2h8MTEzfHxhbGJ1bSUyMGFydHxlbnwwfDB8MHx8&auto=format&fit=crop&w=500&q=60", "image": "", "on_sale": false}}, {"model": "products.product", "pk": 11, "fields": {"name": "debutAlbum", "sku": "ALB118", "description": "Ex-members of The Inside Outs and Four Oh Four come together for the \"hottest hardcore album of the the decade\". A thrill ride from start to finish - certainly a future classic.", "product_type": 1, "artist": 7, "price": "19.99", "image_url": "https://images.unsplash.com/photo-1598387180485-af1fc300bd43?ixlib=rb-1.2.1&ixid=MnwxMjA3fDB8MHxzZWFyY2h8MTMwfHxhbGJ1bXxlbnwwfDB8MHx8&auto=format&fit=crop&w=500&q=60", "image": "", "on_sale": true}}, {"model": "products.product", "pk": 12, "fields": {"name": "F3V3R", "sku": "ALB119", "description": "A divise album - called a classic but many, but not all. But with only 1,500 vinyls in circulation, no one can doubt that it is a collector's dream.", "product_type": 1, "artist": 6, "price": "15.99", "image_url": "https://images.unsplash.com/photo-1607496190119-5c909aa33d32?ixlib=rb-1.2.1&ixid=MnwxMjA3fDB8MHxzZWFyY2h8MTE5fHxhbGJ1bSUyMGFydHxlbnwwfDB8MHx8&auto=format&fit=crop&w=500&q=60", "image": "", "on_sale": false}}, {"model": "products.product", "pk": 13, "fields": {"name": "console.error", "sku": "ALB120", "description": "It is rare for a band's first EP to cause such waves. Filling moshpits up and down the country, Syntax Error's screaming guitar riffs will get even the most staunch wallhugger moving.", "product_type": 1, "artist": 13, "price": "9.99", "image_url": "https://images.unsplash.com/photo-1524721696987-b9527df9e512?ixlib=rb-1.2.1&ixid=MnwxMjA3fDB8MHxzZWFyY2h8MTkwfHxhbGJ1bSUyMGFydHxlbnwwfDB8MHx8&auto=format&fit=crop&w=500&q=60", "image": "", "on_sale": false}}, {"model": "products.product", "pk": 14, "fields": {"name": "The Frontman", "sku": "MER114", "description": "The Inside Outs' new product line: frontmen, on shirts. Our only wish is that it was their frontman and not Alex Turner...", "product_type": 2, "artist": 5, "price": "12.99", "image_url": "https://images.unsplash.com/photo-1485145782098-4f5fd605a66b?ixlib=rb-1.2.1&ixid=MnwxMjA3fDB8MHxzZWFyY2h8NDJ8fGJhbmQlMjB0ZWV8ZW58MHwwfDB8fA%3D%3D&auto=format&fit=crop&w=500&q=60", "image": "", "on_sale": true}}, {"model": "products.product", "pk": 15, "fields": {"name": "The Classic Grey", "sku": "MER115", "description": "The classic, the timeless, the plain grey tee. This t-shirt is made by your very own Forrest Records! Heavy duty, quality material; who says you have to pay top dollar for top quality. All Forrest records clothing are unisex.", "product_type": 2, "artist": 16, "price": "5.99", "image_url": "https://images.unsplash.com/photo-1484887603430-371459454eed?ixlib=rb-1.2.1&ixid=MnwxMjA3fDB8MHxzZWFyY2h8MTR8fGdyYXBoaWMlMjB0JTIwc2hpcnR8ZW58MHwwfDB8fA%3D%3D&auto=format&fit=crop&w=500&q=60", "image": "", "on_sale": false}}, {"model": "products.product", "pk": 16, "fields": {"name": "The Classic White", "sku": "MER116", "description": "The classic, the timeless, the plain white tee. This t-shirt is made by your very own Forrest Records! Heavy duty, quality material; who says you have to pay top dollar for top quality. All Forrest records clothing are unisex.", "product_type": 2, "artist": 16, "price": "5.99", "image_url": "https://images.unsplash.com/photo-1576417677573-8454350443ec?ixlib=rb-1.2.1&ixid=MnwxMjA3fDB8MHxzZWFyY2h8MTV8fHdoaXRlJTIwdCUyMHNoaXJ0fGVufDB8MHwwfHw%3D&auto=format&fit=crop&w=500&q=60", "image": "", "on_sale": false}}, {"model": "products.product", "pk": 17, "fields": {"name": "Don't Fear the Reaper (Pink)", "sku": "MER117", "description": "ASYNC bring us a colourful number, incorporating their fan-favourite mascot \"Grimmy\". This pink edition is a rare, limited time product. Sale of this product will cease on the 01/12/2022.", "product_type": 2, "artist": 15, "price": "14.99", "image_url": "https://images.unsplash.com/photo-1468283268201-f31115a19e2d?ixlib=rb-1.2.1&ixid=MnwxMjA3fDB8MHxzZWFyY2h8Mnx8Z3JhcGhpYyUyMHQlMjBzaGlydHxlbnwwfDB8MHx8&auto=format&fit=crop&w=500&q=60", "image": "", "on_sale": false}}, {"model": "products.product", "pk": 18, "fields": {"name": "Caching Checks", "sku": "MER118", "description": "Everyone knows Johnny Cache's signature check shirt - a legendary icon in the scene. Well, now you have the chance to make this signature staple your own!", "product_type": 2, "artist": 14, "price": "25.99", "image_url": "https://images.unsplash.com/photo-1601935033900-059813f9abfc?ixlib=rb-1.2.1&ixid=MnwxMjA3fDB8MHxzZWFyY2h8Mzh8fGdyYXBoaWMlMjB0JTIwc2hpcnR8ZW58MHwwfDB8fA%3D%3D&auto=format&fit=crop&w=500&q=60", "image": "", "on_sale": false}}, {"model": "products.product", "pk": 19, "fields": {"name": "The Classic Black (Vest)", "sku": "MER119", "description": "The classic, the timeless, the plain black vest. This t-shirt is made by your very own Forrest Records! Heavy duty, quality material; who says you have to pay top dollar for top quality. All Forrest records clothing are unisex.", "product_type": 2, "artist": 16, "price": "4.99", "image_url": "https://images.unsplash.com/photo-1470441623172-c47235e287ee?ixlib=rb-1.2.1&ixid=MnwxMjA3fDB8MHxzZWFyY2h8MTIyfHxncmFwaGljJTIwdCUyMHNoaXJ0fGVufDB8MHwwfHw%3D&auto=format&fit=crop&w=500&q=60", "image": "", "on_sale": true}}, {"model": "products.product", "pk": 20, "fields": {"name": "Neo Tokyo Tee", "sku": "MER120", "description": "A Rage Against the Compiler t-shirt from their legendary, sold-out, 1995 tour: \"Neo Tokyo\". With only 10 of these t-shirts available - this is the ultimate collectors' item.", "product_type": 2, "artist": 2, "price": "50.99", "image_url": "https://images.unsplash.com/photo-1621446511130-0ed6519bfeb6?ixlib=rb-1.2.1&ixid=MnwxMjA3fDB8MHxzZWFyY2h8MzN8fGdyYXBoaWMlMjBzaGlydHxlbnwwfDB8MHx8&auto=format&fit=crop&w=500&q=60", "image": "", "on_sale": false}}, {"model": "products.product", "pk": 21, "fields": {"name": "Login Required", "sku": "ALB121", "description": "Test", "product_type": 1, "artist": 7, "price": "10.99", "image_url": "https://images.unsplash.com/photo-1602102343512-13a7022f10a3?ixlib=rb-1.2.1&ixid=MnwxMjA3fDB8MHxwaG90by1wYWdlfHx8fGVufDB8fHx8&auto=format&fit=crop&w=1098&q=80", "image": "media/images/login-required-album-cover_j8std0", "on_sale": true}}, {"model": "products.product", "pk": 23, "fields": {"name": "Mystery Shirt", "sku": "MER121", "description": "Get a mystery shirt, available in all sizes, courtesy of Forrest Records!", "product_type": 2, "artist": 16, "price": "15.99", "image_url": "https://images.unsplash.com/photo-1632194978058-4f2f48bc68c2?ixlib=rb-1.2.1&ixid=MnwxMjA3fDB8MHxwaG90by1wYWdlfHx8fGVufDB8fHx8&auto=format&fit=crop&w=1074&q=80", "image": "", "on_sale": false}}, {"model": "products.product", "pk": 29, "fields": {"name": "Album", "sku": "1234", "description": "test", "product_type": 1, "artist": 1, "price": "10.88", "image_url": null, "image": "media/images/login-required-album-cover_kh8wzc", "on_sale": false}}, {"model": "products.genre", "pk": 1, "fields": {"name": "punk", "friendly_name": "Punk"}}, {"model": "products.genre", "pk": 2, "fields": {"name": "hardcore", "friendly_name": "Hardcore"}}, {"model": "products.genre", "pk": 3, "fields": {"name": "metal", "friendly_name": "Metal"}}, {"model": "products.genre", "pk": 4, "fields": {"name": "electro_punk", "friendly_name": "Electro Punk"}}, {"model": "products.genre", "pk": 5, "fields": {"name": "post_hardcore", "friendly_name": "Post Hardcore"}}, {"model": "products.album", "pk": 1, "fields": {"record_label": "Tonedef", "release_year": "2020", "genre": 4, "digital_download": true}}, {"model": "products.album", "pk": 2, "fields": {"record_label": "Tonedef", "release_year": "2017", "genre": 1, "digital_download": false}}, {"model": "products.album", "pk": 3, "fields": {"record_label": "Gwd Records", "release_year": "2022", "genre": 1, "digital_download": true}}, {"model": "products.album", "pk": 7, "fields": {"record_label": "Gwd Records", "release_year": "1992", "genre": 2, "digital_download": false}}, {"model": "products.album", "pk": 8, "fields": {"record_label": "Swn Mawr", "release_year": "2022", "genre": 5, "digital_download": true}}, {"model": "products.album", "pk": 9, "fields": {"record_label": "Swn Mawr", "release_year": "2022", "genre": 4, "digital_download": true}}, {"model": "products.album", "pk": 10, "fields": {"record_label": "Gwych Records", "release_year": "2007", "genre": 1, "digital_download": false}}, {"model": "products.album", "pk": 11, "fields": {"record_label": "Sundar Records", "release_year": "2017", "genre": 2, "digital_download": true}}, {"model": "products.album", "pk": 12, "fields": {"record_label": "Tonedef", "release_year": "2011", "genre": 5, "digital_download": true}}, {"model": "products.album", "pk": 13, "fields": {"record_label": "Gwd Records", "release_year": "2014", "genre": 1, "digital_download": true}}, {"model": "products.album", "pk": 21, "fields": {"record_label": "Tonedef", "release_year": "2018", "genre": 1, "digital_download": true}}, {"model": "products.album", "pk": 29, "fields": {"record_label": null, "release_year": null, "genre": 1, "digital_download": true}}, {"model": "products.song", "pk": 1, "fields": {"title": "Resurgance", "album": 1, "artist": 4, "duration": "3:32", "track_number": 1}}, {"model": "products.song", "pk": 2, "fields": {"title": "The Great Equaliser (Triple Equals)", "album": 1, "artist": 4, "duration": "5:10", "track_number": 2}}, {"model": "products.song", "pk": 3, "fields": {"title": "If/Else", "album": 1, "artist": 4, "duration": "1:00", "track_number": 3}}, {"model": "products.song", "pk": 4, "fields": {"title": "Unshift", "album": 1, "artist": 4, "duration": "4:04", "track_number": 4}}, {"model": "products.song", "pk": 5, "fields": {"title": "nomore.", "album": 1, "artist": 4, "duration": "3:10", "track_number": 5}}, {"model": "products.song", "pk": 6, "fields": {"title": "Found Myself Here", "album": 1, "artist": 4, "duration": "2:12", "track_number": 6}}, {"model": "products.song", "pk": 7, "fields": {"title": "Why Me?", "album": 1, "artist": 4, "duration": "3:45", "track_number": 7}}, {"model": "products.song", "pk": 8, "fields": {"title": "Wearing Me Down", "album": 1, "artist": 4, "duration": "3:45", "track_number": 8}}, {"model": "products.song", "pk": 9, "fields": {"title": "Hi-weigh", "album": 1, "artist": 4, "duration": "4:40", "track_number": 9}}, {"model": "products.song", "pk": 10, "fields": {"title": "Endgame I", "album": 1, "artist": 4, "duration": "7:05", "track_number": 10}}, {"model": "products.song", "pk": 11, "fields": {"title": "Endgame II", "album": 1, "artist": 4, "duration": "13:51", "track_number": 11}}, {"model": "products.song", "pk": 12, "fields": {"title": "Don't Call (Bonus Track)", "album": 1, "artist": 4, "duration": "3:51", "track_number": 12}}, {"model": "products.song", "pk": 13, "fields": {"title": "Agony", "album": 2, "artist": 4, "duration": "2:01", "track_number": 1}}, {"model": "products.song", "pk": 14, "fields": {"title": "Holler (If You Want More)", "album": 2, "artist": 4, "duration": "3:34", "track_number": 2}}, {"model": "products.song", "pk": 15, "fields": {"title": "Greetings", "album": 2, "artist": 4, "duration": "5:10", "track_number": 3}}, {"model": "products.song", "pk": 16, "fields": {"title": "Nevermore", "album": 2, "artist": 4, "duration": "2:12", "track_number": 4}}, {"model": "products.song", "pk": 17, "fields": {"title": "Opening", "album": 2, "artist": 4, "duration": "4:11", "track_number": 5}}, {"model": "products.song", "pk": 18, "fields": {"title": "Upside", "album": 2, "artist": 4, "duration": "2:35", "track_number": 6}}, {"model": "products.song", "pk": 19, "fields": {"title": "Low", "album": 2, "artist": 4, "duration": "4:40", "track_number": 7}}, {"model": "products.song", "pk": 20, "fields": {"title": "Start Something", "album": 2, "artist": 4, "duration": "4:05", "track_number": 8}}, {"model": "products.song", "pk": 21, "fields": {"title": "Finale", "album": 2, "artist": 4, "duration": "13:51", "track_number": 9}}, {"model": "products.song", "pk": 22, "fields": {"title": "re:vive", "album": 3, "artist": 10, "duration": "3:51", "track_number": 1}}, {"model": "products.song", "pk": 23, "fields": {"title": "re:wind", "album": 3, "artist": 10, "duration": "4:19", "track_number": 2}}, {"model": "products.song", "pk": 24, "fields": {"title": "re:veal", "album": 3, "artist": 10, "duration": "3:10", "track_number": 3}}, {"model": "products.song", "pk": 25, "fields": {"title": "re:ason", "album": 3, "artist": 10, "duration": "2:16", "track_number": 4}}, {"model": "products.song", "pk": 26, "fields": {"title": "re:peat", "album": 3, "artist": 10, "duration": "4:55", "track_number": 5}}, {"model": "products.song", "pk": 27, "fields": {"title": "re:do", "album": 3, "artist": 10, "duration": "5:05", "track_number": 6}}, {"model": "products.song", "pk": 28, "fields": {"title": "re:do", "album": 3, "artist": 10, "duration": "1:30", "track_number": 7}}, {"model": "products.song", "pk": 29, "fields": {"title": "re:ady", "album": 3, "artist": 10, "duration": "3:22", "track_number": 8}}, {"model": "products.song", "pk": 30, "fields": {"title": "re:gain", "album": 3, "artist": 10, "duration": "4:12", "track_number": 9}}, {"model": "products.song", "pk": 31, "fields": {"title": "re:write", "album": 3, "artist": 10, "duration": "3:55", "track_number": 10}}, {"model": "products.song", "pk": 32, "fields": {"title": "Swansong", "album": 7, "artist": 2, "duration": "3:55", "track_number": 1}}, {"model": "products.song", "pk": 33, "fields": {"title": "Underground Railroad", "album": 7, "artist": 2, "duration": "2:53", "track_number": 2}}, {"model": "products.song", "pk": 34, "fields": {"title": "Stomp", "album": 7, "artist": 2, "duration": "2:50", "track_number": 3}}, {"model": "products.song", "pk": 35, "fields": {"title": "Gitting in the Way", "album": 7, "artist": 2, "duration": "3:23", "track_number": 4}}, {"model": "products.song", "pk": 36, "fields": {"title": "Nightfall", "album": 7, "artist": 2, "duration": "2:29", "track_number": 5}}, {"model": "products.song", "pk": 37, "fields": {"title": "Daybreak", "album": 7, "artist": 2, "duration": "3:41", "track_number": 6}}, {"model": "products.song", "pk": 38, "fields": {"title": "Payback", "album": 7, "artist": 2, "duration": "2:44", "track_number": 7}}, {"model": "products.song", "pk": 39, "fields": {"title": "Deton8", "album": 7, "artist": 2, "duration": "3:24", "track_number": 8}}, {"model": "products.song", "pk": 40, "fields": {"title": "Now/Never (Bonus Track)", "album": 7, "artist": 2, "duration": "1:22", "track_number": 9}}, {"model": "products.song", "pk": 41, "fields": {"title": "Gone (Bonus Track)", "album": 7, "artist": 2, "duration": "2:11", "track_number": 10}}, {"model": "products.song", "pk": 42, "fields": {"title": "Gitting in the Way (Live)", "album": 7, "artist": 2, "duration": "3:31", "track_number": 11}}, {"model": "products.song", "pk": 43, "fields": {"title": "Michaelangelo", "album": 8, "artist": 11, "duration": "2:41", "track_number": 1}}, {"model": "products.song", "pk": 44, "fields": {"title": "Godspeed", "album": 8, "artist": 11, "duration": "4:01", "track_number": 2}}, {"model": "products.song", "pk": 45, "fields": {"title": "Reach For It", "album": 8, "artist": 11, "duration": "3:41", "track_number": 3}}, {"model": "products.song", "pk": 46, "fields": {"title": "Tenfoot", "album": 8, "artist": 11, "duration": "3:22", "track_number": 4}}, {"model": "products.song", "pk": 47, "fields": {"title": "Light Hands", "album": 8, "artist": 11, "duration": "3:51", "track_number": 5}}, {"model": "products.song", "pk": 48, "fields": {"title": "Depth", "album": 8, "artist": 11, "duration": "1:50", "track_number": 6}}, {"model": "products.song", "pk": 49, "fields": {"title": "Still Breathing", "album": 8, "artist": 11, "duration": "1:50", "track_number": 7}}, {"model": "products.song", "pk": 50, "fields": {"title": "Can't Stop", "album": 8, "artist": 11, "duration": "4:10", "track_number": 8}}, {"model": "products.song", "pk": 51, "fields": {"title": "Essence", "album": 8, "artist": 11, "duration": "2:50", "track_number": 9}}, {"model": "products.song", "pk": 52, "fields": {"title": "The Come Down", "album": 9, "artist": 1, "duration": "4:22", "track_number": 1}}, {"model": "products.song", "pk": 53, "fields": {"title": "Revenger", "album": 9, "artist": 1, "duration": "3:32", "track_number": 2}}, {"model": "products.song", "pk": 54, "fields": {"title": "Forsaken", "album": 9, "artist": 1, "duration": "5:13", "track_number": 3}}, {"model": "products.song", "pk": 55, "fields": {"title": "Keeping the Faith", "album": 9, "artist": 1, "duration": "2:43", "track_number": 4}}, {"model": "products.song", "pk": 56, "fields": {"title": "The Come Up", "album": 9, "artist": 1, "duration": "4:16", "track_number": 5}}, {"model": "products.song", "pk": 57, "fields": {"title": "Maniac", "album": 10, "artist": 12, "duration": "2:16", "track_number": 1}}, {"model": "products.song", "pk": 58, "fields": {"title": "Redeemer", "album": 10, "artist": 12, "duration": "3:00", "track_number": 2}}, {"model": "products.song", "pk": 59, "fields": {"title": "Extraversion", "album": 10, "artist": 12, "duration": "1:01", "track_number": 3}}, {"model": "products.song", "pk": 60, "fields": {"title": "Peacekeeper, Spellbinder", "album": 10, "artist": 12, "duration": "3:57", "track_number": 4}}, {"model": "products.song", "pk": 61, "fields": {"title": "Swallow", "album": 10, "artist": 12, "duration": "2:53", "track_number": 5}}, {"model": "products.song", "pk": 62, "fields": {"title": "Deepdiver, Survivor", "album": 10, "artist": 12, "duration": "2:14", "track_number": 6}}, {"model": "products.song", "pk": 63, "fields": {"title": "Nothing Left to Give", "album": 10, "artist": 12, "duration": "1:59", "track_number": 7}}, {"model": "products.song", "pk": 64, "fields": {"title": "Nothing Left to Take", "album": 10, "artist": 12, "duration": "4:57", "track_number": 8}}, {"model": "products.song", "pk": 65, "fields": {"title": "Ender's Song", "album": 11, "artist": 7, "duration": "3:11", "track_number": 1}}, {"model": "products.song", "pk": 66, "fields": {"title": "Sunbright", "album": 11, "artist": 7, "duration": "2:16", "track_number": 2}}, {"model": "products.song", "pk": 67, "fields": {"title": "Holy Ghost", "album": 11, "artist": 7, "duration": "3:00", "track_number": 3}}, {"model": "products.song", "pk": 68, "fields": {"title": "Polyphonic", "album": 11, "artist": 7, "duration": "2:01", "track_number": 4}}, {"model": "products.song", "pk": 69, "fields": {"title": "Whispers in the Dark", "album": 11, "artist": 7, "duration": "3:57", "track_number": 5}}, {"model": "products.song", "pk": 70, "fields": {"title": "Trepass", "album": 11, "artist": 7, "duration": "2:53", "track_number": 6}}, {"model": "products.song", "pk": 71, "fields": {"title": "Don't Stop Believing", "album": 11, "artist": 7, "duration": "2:14", "track_number": 7}}, {"model": "products.song", "pk": 72, "fields": {"title": "Leap of Faith", "album": 11, "artist": 7, "duration": "1:59", "track_number": 8}}, {"model": "products.song", "pk": 73, "fields": {"title": "Outro", "album": 11, "artist": 7, "duration": "4:57", "track_number": 9}}, {"model": "products.song", "pk": 74, "fields": {"title": "Bleach", "album": 13, "artist": 13, "duration": "4:00", "track_number": 1}}, {"model": "products.song", "pk": 75, "fields": {"title": "Monotone", "album": 13, "artist": 13, "duration": "5:01", "track_number": 2}}, {"model": "products.song", "pk": 76, "fields": {"title": "Helluva Night", "album": 13, "artist": 13, "duration": "3:52", "track_number": 3}}, {"model": "products.song", "pk": 77, "fields": {"title": "Bendigedeg", "album": 13, "artist": 13, "duration": "3:43", "track_number": 4}}, {"model": "products.song", "pk": 78, "fields": {"title": "Sleep, Wake, Repeat", "album": 13, "artist": 13, "duration": "3:11", "track_number": 5}}, {"model": "products.song", "pk": 79, "fields": {"title": "Superhaven", "album": 13, "artist": 13, "duration": "1:59", "track_number": 6}}, {"model": "products.song", "pk": 80, "fields": {"title": "Outro", "album": 13, "artist": 13, "duration": "5:00", "track_number": 7}}, {"model": "products.merch", "pk": 4, "fields": {"has_sizes": true}}, {"model": "products.merch", "pk": 5, "fields": {"has_sizes": true}}, {"model": "products.merch", "pk": 6, "fields": {"has_sizes": true}}, {"model": "products.merch", "pk": 14, "fields": {"has_sizes": true}}, {"model": "products.merch", "pk": 15, "fields": {"has_sizes": true}}, {"model": "products.merch", "pk": 16, "fields": {"has_sizes": true}}, {"model": "products.merch", "pk": 17, "fields": {"has_sizes": true}}, {"model": "products.merch", "pk": 18, "fields": {"has_sizes": true}}, {"model": "products.merch", "pk": 19, "fields": {"has_sizes": true}}, {"model": "products.merch", "pk": 20, "fields": {"has_sizes": true}}, {"model": "products.merch", "pk": 23, "fields": {"has_sizes": true}}, {"model": "blog.blog", "pk": 1, "fields": {"title": "Welcome to Forrest Records!", "author": 1, "content": "<p>The home of South Wales punk and hardcore has arrived! We are a business run by bands for bands, dedicated to bringing all of your favourite artists to you at an affordable price.</p>\r\n\r\n<p>&nbsp;</p>\r\n\r\n<p>We are a small business, starting in the dying embers of 2022, comprising of ex-members of The Initial Commits, Four Oh Four, and Syntax Error. We have seen the full potential of our scene to break out onto the world stage, and we want to help that happen.</p>\r\n\r\n<p>&nbsp;</p>\r\n\r\n<p>If that sounds interesting to you, please consider taking a look at our <a href=\"/products\">products</a>.</p>", "image": "", "image_url": "https://images.unsplash.com/photo-1575672913784-11a7cd4f25f4?ixlib=rb-1.2.1&ixid=MnwxMjA3fDB8MHxzZWFyY2h8M3x8cHVuayUyMGdpZ3xlbnwwfHwwfHw%3D&auto=format&fit=crop&w=500&q=60", "date_published": "2022-09-30"}}, {"model": "blog.blog", "pk": 2, "fields": {"title": "Rage Against the Compiler Announce 2023 Tour", "author": 1, "content": "<p>THEY. ARE. BACK.</p>\r\n\r\n<p>&nbsp;</p>\r\n\r\n<p>After a ten-year hiatus, <a href=\"/products/?artist=rage_against_the_compiler\">Rage Against the Compiler</a> have announced they are returning for a UK tour in early 2023, for the 15 year of their landscape-changing album &lsquo;Untitled&rsquo;. They will be embarking on fourteen dates, alongside scene heroes <a href=\"/products/?artist=the_c_sharps\">The C Sharps</a> and <a href=\"/products/?artist=float\">Float</a>.</p>\r\n\r\n<p>&nbsp;</p>\r\n\r\n<p>Tickets are yet to be announced, watch this space for further updates.</p>", "image": "", "image_url": "https://images.unsplash.com/photo-1526480450270-7fe59f99fcad?ixlib=rb-1.2.1&ixid=MnwxMjA3fDB8MHxzZWFyY2h8MTB8fGdpZ3xlbnwwfDB8MHx8&auto=format&fit=crop&w=500&q=60", "date_published": "2022-09-30"}}, {"model": "blog.blog", "pk": 3, "fields": {"title": "Forrest Records Charity Event: Dec 2nd 2022", "author": 1, "content": "<p>It was headline news within the scene, when four months ago, the contents of <a href=\"/products/?artist=async\">Async</a>&rsquo;s tour van were stolen in the midst of their European tour - costing the band a whopping &pound;14,000.</p>\r\n\r\n<p>&nbsp;</p>\r\n\r\n<p>We here at Forrest Records want to give back to a band that has given so much to the scene over the years, who have represented our scene on the national and international level. We will be hosting a charity event to raise money to help the band recuperate their losses.</p>\r\n\r\n<p>&nbsp;</p>\r\n\r\n<p>But&hellip; there&rsquo;s a twist.</p>\r\n\r\n<p>&nbsp;</p>\r\n\r\n<p>This will not be your run-of-the-mill gig night. A <a href=\"/\">Forrest Records</a> all-star line-up will be combining together to make three supergroups - taking requests, playing all the classics, as well as some other surprises.</p>\r\n\r\n<p>&nbsp;</p>\r\n\r\n<p>If you would like to attend, please contact us <a href=\"/contact\">here</a>.</p>", "image": "", "image_url": "https://images.unsplash.com/photo-1508979822114-db019a20d576?ixlib=rb-1.2.1&ixid=MnwxMjA3fDB8MHxzZWFyY2h8MTZ8fGdpZ3xlbnwwfDB8MHx8&auto=format&fit=crop&w=500&q=60", "date_published": "2022-09-30"}}, {"model": "blog.blog", "pk": 4, "fields": {"title": "Four Oh Four and Event Handlers Joint EP in the Works.", "author": 1, "content": "<p>What&rsquo;s better than a Four Oh Four album? What&rsquo;s better than an Event Handlers album? Let us tell you&hellip;</p>\r\n\r\n<p>&nbsp;</p>\r\n\r\n<p>A Four Oh Four/Event Handlers joint album, which is coming in the spring of 2023. The two scene-heavyweights, and long time tour-pals, are joining forcing to put out what we here at Forrest records are already anticipating to be the album of the year for 2023.</p>\r\n\r\n<p>&nbsp;</p>\r\n\r\n<p>No title, track listing, or cover art has been revealed as of yet - but there has been talk that this album will include features from other &lsquo;established&rsquo; bands from the scene. Watch this space to keep up to date with everything.</p>\r\n\r\n<p>&nbsp;</p>\r\n\r\n<p>&nbsp;</p>\r\n\r\n<p><strong>Update: 3rd October 2022</strong></p>\r\n\r\n<p>&nbsp;</p>\r\n\r\n<p>Three features have been announced for the forthcoming album, and boy were they worth the wait: Scott Davies of Float, Adam Key of Git &amp; the Merge Conflicts, and Spencer Ainsworth of Panic @ the Distro will be joining in on what is already a mammoth project. Only 6 months left to go!</p>", "image": "", "image_url": "https://images.unsplash.com/photo-1601066525716-3cca33c6d4c6?ixlib=rb-1.2.1&ixid=MnwxMjA3fDB8MHxzZWFyY2h8OXx8YWxidW18ZW58MHwwfDB8fA%3D%3D&auto=format&fit=crop&w=500&q=60", "date_published": "2022-09-30"}}, {"model": "blog.blog", "pk": 5, "fields": {"title": "Algorhythm Sign to Tonedef Records.", "author": 1, "content": "<p>Despite there short career, Algorhythm have already clearly established themselves as part of the South Wales hardcore scene.</p>\r\n\r\n<p>&nbsp;</p>\r\n\r\n<p>Now, they are going to the next level.</p>\r\n\r\n<p>&nbsp;</p>\r\n\r\n<p>As of 1st October, 2022, the Algorhythm have signed to the Tonedef dynasty for a 3-record deal. We are excited to see where they go in the future, backed by a label with as much experience and passion.</p>", "image": "", "image_url": "https://images.unsplash.com/photo-1414839246800-1ed50eb905e7?ixlib=rb-1.2.1&ixid=MnwxMjA3fDB8MHxzZWFyY2h8MXx8YmFuZCUyMHNpZ258ZW58MHwwfDB8fA%3D%3D&auto=format&fit=crop&w=500&q=60", "date_published": "2022-09-30"}}, {"model": "blog.blogpage", "pk": 1, "fields": {"title": "Blog", "subtitle": "All the latest news", "featured_blog": null}}, {"model": "contact.contactpage", "pk": 1, "fields": {"title": "Contact", "subtitle": "Get in touch"}}, {"model": "contact.message", "pk": 1, "fields": {"name": "Sam Forrest", "email": "testeremail@email.com", "message": "Here is my message", "date_sent": "2022-10-05"}}, {"model": "contact.message", "pk": 2, "fields": {"name": "Laura Gilbert", "email": "example@email.com", "message": "This is another message, just to make sure that these messages are pulling through correctly.", "date_sent": "2022-10-05"}}, {"model": "contact.message", "pk": 3, "fields": {"name": "Sam Forrest", "email": "testeremail@email.com", "message": "I'm sending a message!", "date_sent": "2022-10-05"}}, {"model": "contact.message", "pk": 4, "fields": {"name": "Sam", "email": "test@test.com", "message": "This is a message", "date_sent": "2022-10-06"}}, {"model": "profiles.userprofile", "pk": 1, "fields": {"user": 1, "default_phone_number": "1234567890", "default_address1": "123 street", "default_address2": "anywhere", "default_town_or_city": "anywhere", "default_county": null, "default_postcode": "cf55 5rt", "default_country": "GB"}}, {"model": "profiles.userprofile", "pk": 2, "fields": {"user": 2, "default_phone_number": "1234567890", "default_address1": "Test street", "default_address2": "Test street 2", "default_town_or_city": "Test town", "default_county": "Test county", "default_postcode": "TE57 7ES", "default_country": "LS"}}, {"model": "profiles.wishlist", "pk": 1, "fields": {"created_by": 1, "products": [7, 9, 11]}}, {"model": "profiles.wishlist", "pk": 2, "fields": {"created_by": 2, "products": [9]}}, {"model": "artists.artist", "pk": 1, "fields": {"name": "the_initial_commits", "friendly_name": "The Initial Commits"}}, {"model": "artists.artist", "pk": 2, "fields": {"name": "rage_against_the_compiler", "friendly_name": "Rage Against the Compiler"}}, {"model": "artists.artist", "pk": 3, "fields": {"name": "boo_lean", "friendly_name": "Boo-lean"}}, {"model": "artists.artist", "pk": 4, "fields": {"name": "algorhythm", "friendly_name": "Algorhythm"}}, {"model": "artists.artist", "pk": 5, "fields": {"name": "the_inside_outs", "friendly_name": "The Inside Outs"}}, {"model": "artists.artist", "pk": 6, "fields": {"name": "panic_at_the_distro", "friendly_name": "Panic at the Distro"}}, {"model": "artists.artist", "pk": 7, "fields": {"name": "camel_case", "friendly_name": "camelCase"}}, {"model": "artists.artist", "pk": 8, "fields": {"name": "the_c_sharps", "friendly_name": "The C Sharps"}}, {"model": "artists.artist", "pk": 9, "fields": {"name": "four_oh_four", "friendly_name": "Four Oh Four"}}, {"model": "artists.artist", "pk": 10, "fields": {"name": "git_and_the_merge_conflicts", "friendly_name": "Git and the Merge Conflicts"}}, {"model": "artists.artist", "pk": 11, "fields": {"name": "event_handlers", "friendly_name": "Event Handlers"}}, {"model": "artists.artist", "pk": 12, "fields": {"name": "float", "friendly_name": "Float"}}, {"model": "artists.artist", "pk": 13, "fields": {"name": "syntax_error", "friendly_name": "Syntax Error"}}, {"model": "artists.artist", "pk": 14, "fields": {"name": "johnny_cache", "friendly_name": "Johnny Cache"}}, {"model": "artists.artist", "pk": 15, "fields": {"name": "async", "friendly_name": "Async"}}, {"model": "artists.artist", "pk": 16, "fields": {"name": "forrest_records", "friendly_name": "Forrest Records"}}, {"model": "checkout.order", "pk": 25, "fields": {"user_profile": 1, "order_number": "68B2F2CD23DD46CA8609F00CA8475C95", "full_name": "Sam Forrest", "email": "test@test.com", "phone_number": "1234567890", "country": "GB", "postcode": "cf55 5rt", "town_or_city": "anywhere", "address1": "123 street", "address2": "anywhere", "county": null, "date": "2022-10-05T07:25:09.189Z", "delivery_cost": "3.60", "order_total": "35.99", "grand_total": "39.59", "original_bag": "{\"4\": {\"items_by_size\": {\"m\": 1}}}", "stripe_pid": "pi_3LpRxmLRUykeQrLl147CsEEf"}}, {"model": "checkout.order", "pk": 26, "fields": {"user_profile": 1, "order_number": "2AA5A7EE0F044FB7BF5FAAA7987897E8", "full_name": "Sam Forrest", "email": "samforrest@live.co.uk", "phone_number": "1234567890", "country": "GB", "postcode": "cf55 5rt", "town_or_city": "anywhere", "address1": "123 street", "address2": "anywhere", "county": null, "date": "2022-10-05T17:59:58.629Z", "delivery_cost": "0.00", "order_total": "90.98", "grand_total": "90.98", "original_bag": "{\"7\": 1, \"20\": {\"items_by_size\": {\"xl\": 1}}}", "stripe_pid": "pi_3LpbslLRUykeQrLl04rhjLX7"}}, {"model": "checkout.order", "pk": 27, "fields": {"user_profile": 1, "order_number": "88F20C19FD9242FC8D39ADF885BA341A", "full_name": "Sam Forrest", "email": "samforrest@live.co.uk", "phone_number": "1234567890", "country": "GB", "postcode": "cf55 5rt", "town_or_city": "anywhere", "address1": "123 street", "address2": "anywhere", "county": null, "date": "2022-10-05T18:24:56.619Z", "delivery_cost": "5.00", "order_total": "49.98", "grand_total": "54.98", "original_bag": "{\"6\": {\"items_by_size\": {\"l\": 2}}}", "stripe_pid": "pi_3LpcGsLRUykeQrLl1WCfOqei"}}, {"model": "checkout.order", "pk": 28, "fields": {"user_profile": 1, "order_number": "9EB81E6849EF4742BC29C025A8413AC5", "full_name": "Sam Forrest", "email": "samforrest@live.co.uk", "phone_number": "1234567890", "country": "GB", "postcode": "cf55 5rt", "town_or_city": "anywhere", "address1": "123 street", "address2": "anywhere", "county": null, "date": "2022-10-06T07:18:52.156Z", "delivery_cost": "1.60", "order_total": "15.99", "grand_total": "17.59", "original_bag": "{\"23\": {\"items_by_size\": {\"l\": 1}}}", "stripe_pid": "pi_3LpoLnLRUykeQrLl0E3muFrY"}}, {"model": "checkout.order", "pk": 29, "fields": {"user_profile": 1, "order_number": "F257DD95EE7B4CA893B198FF95E32EE8", "full_name": "Sam Forrest", "email": "samforrest@live.co.uk", "phone_number": "1234567890", "country": "GB", "postcode": "cf55 5rt", "town_or_city": "anywhere", "address1": "123 street", "address2": "anywhere", "county": null, "date": "2022-10-06T19:27:23.491Z", "delivery_cost": "1.10", "order_total": "10.99", "grand_total": "12.09", "original_bag": "{\"21\": 1}", "stripe_pid": "pi_3LpziCLRUykeQrLl1MYGziJV"}}, {"model": "checkout.order", "pk": 30, "fields": {"user_profile": 1, "order_number": "B8E3FC69B1C4456E8E739002DE0CCF79", "full_name": "Sam Forrest", "email": "samforrest@live.co.uk", "phone_number": "1234567890", "country": "GB", "postcode": "cf55 5rt", "town_or_city": "anywhere", "address1": "123 street", "address2": "anywhere", "county": null, "date": "2022-10-06T20:37:13.760Z", "delivery_cost": "1.80", "order_total": "17.99", "grand_total": "19.79", "original_bag": "{\"1\": 1}", "stripe_pid": "pi_3Lq0oPLRUykeQrLl1gH1vcAH"}}, {"model": "checkout.order", "pk": 31, "fields": {"user_profile": 2, "order_number": "38F5EB8FCBF84D6E868A427983473315", "full_name": "Test Account", "email": "test@test.com", "phone_number": "1234567890", "country": "LS", "postcode": "TE57 7ES", "town_or_city": "Test town", "address1": "Test street", "address2": "Test street 2", "county": "Test county", "date": "2022-10-07T09:21:03.584Z", "delivery_cost": "3.60", "order_total": "35.98", "grand_total": "39.58", "original_bag": "{\"2\": 2}", "stripe_pid": "pi_3LqCjQLRUykeQrLl1zKgNIeW"}}, {"model": "checkout.order", "pk": 32, "fields": {"user_profile": 1, "order_number": "4AD33CEA3CD547EA86D18EC6C9F18C0E", "full_name": "Sam Forrest", "email": "samforrest@live.co.uk", "phone_number": "1234567890", "country": "GB", "postcode": "cf55 5rt", "town_or_city": "anywhere", "address1": "123 street", "address2": "anywhere", "county": null, "date": "2022-10-07T10:06:39.470Z", "delivery_cost": "4.00", "order_total": "39.98", "grand_total": "43.98", "original_bag": "{\"11\": 2}", "stripe_pid": "pi_3LqDRdLRUykeQrLl05m1rq3J"}}, {"model": "checkout.order", "pk": 33, "fields": {"user_profile": 1, "order_number": "5EF423D6619C4053B33E4715652BF446", "full_name": "Sam Forrest", "email": "samforrest@live.co.uk", "phone_number": "1234567890", "country": "GB", "postcode": "cf55 5rt", "town_or_city": "anywhere", "address1": "123 street", "address2": "anywhere", "county": null, "date": "2022-10-07T10:22:50.591Z", "delivery_cost": "2.00", "order_total": "19.99", "grand_total": "21.99", "original_bag": "{\"11\": 1}", "stripe_pid": "pi_3LqDgqLRUykeQrLl0BGFvoL3"}}, {"model": "checkout.order", "pk": 34, "fields": {"user_profile": 1, "order_number": "0BAA404293734D0EB444CD3EC0D515A3", "full_name": "Sam Forrest", "email": "samforrest@live.co.uk", "phone_number": "1234567890", "country": "GB", "postcode": "cf55 5rt", "town_or_city": "anywhere", "address1": "123 street", "address2": "anywhere", "county": null, "date": "2022-10-07T11:04:10.491Z", "delivery_cost": "1.50", "order_total": "14.99", "grand_total": "16.49", "original_bag": "{\"11\": 1}", "stripe_pid": "pi_3LqELSLRUykeQrLl02dKZgvJ"}}, {"model": "checkout.order", "pk": 35, "fields": {"user_profile": null, "order_number": "9DE6F478B6704C03B0BA95C353709FB1", "full_name": "Anon", "email": "anon@anon.com", "phone_number": "anon", "country": "AD", "postcode": "anon", "town_or_city": "anon", "address1": "anon", "address2": "anon", "county": "anon", "date": "2022-10-07T12:26:27.915Z", "delivery_cost": "1.80", "order_total": "17.99", "grand_total": "19.79", "original_bag": "{\"2\": 1}", "stripe_pid": "pi_3LqFcjLRUykeQrLl1eZtBabK"}}, {"model": "checkout.order", "pk": 36, "fields": {"user_profile": 1, "order_number": "D802D13F03B24D9CA2B8BEEE9D1930CA", "full_name": "Sam Forrest", "email": "samforrest@live.co.uk", "phone_number": "1234567890", "country": "GB", "postcode": "cf55 5rt", "town_or_city": "anywhere", "address1": "123 street", "address2": "anywhere", "county": null, "date": "2022-10-07T18:02:51.107Z", "delivery_cost": "0.00", "order_total": "0.00", "grand_total": "0.00", "original_bag": "{\"28\": 1}", "stripe_pid": "pi_3LqKseLRUykeQrLl16e3sSmc"}}, {"model": "checkout.orderlineitem", "pk": 30, "fields": {"order": 25, "product": 4, "product_size": "m", "quantity": 1, "lineitem_total": "35.99"}}, {"model": "checkout.orderlineitem", "pk": 31, "fields": {"order": 26, "product": 7, "product_size": null, "quantity": 1, "lineitem_total": "39.99"}}, {"model": "checkout.orderlineitem", "pk": 32, "fields": {"order": 26, "product": 20, "product_size": "xl", "quantity": 1, "lineitem_total": "50.99"}}, {"model": "checkout.orderlineitem", "pk": 33, "fields": {"order": 27, "product": 6, "product_size": "l", "quantity": 2, "lineitem_total": "49.98"}}, {"model": "checkout.orderlineitem", "pk": 34, "fields": {"order": 28, "product": 23, "product_size": "l", "quantity": 1, "lineitem_total": "15.99"}}, {"model": "checkout.orderlineitem", "pk": 35, "fields": {"order": 29, "product": 21, "product_size": null, "quantity": 1, "lineitem_total": "10.99"}}, {"model": "checkout.orderlineitem", "pk": 36, "fields": {"order": 30, "product": 1, "product_size": null, "quantity": 1, "lineitem_total": "17.99"}}, {"model": "checkout.orderlineitem", "pk": 37, "fields": {"order": 31, "product": 2, "product_size": null, "quantity": 2, "lineitem_total": "35.98"}}, {"model": "checkout.orderlineitem", "pk": 38, "fields": {"order": 32, "product": 11, "product_size": null, "quantity": 2, "lineitem_total": "39.98"}}, {"model": "checkout.orderlineitem", "pk": 39, "fields": {"order": 33, "product": 11, "product_size": null, "quantity": 1, "lineitem_total": "19.99"}}, {"model": "checkout.orderlineitem", "pk": 40, "fields": {"order": 34, "product": 11, "product_size": null, "quantity": 1, "lineitem_total": "14.99"}}, {"model": "checkout.orderlineitem", "pk": 41, "fields": {"order": 35, "product": 2, "product_size": null, "quantity": 1, "lineitem_total": "17.99"}}]